{
	"credit": "Made with Blockbench",
	"texture_size": [32, 32],
	"textures": {
		"0": "block/fractured ark",
		"particle": "block/fractured ark"
	},
	"elements": [
		{
			"from": [7.75, -14.5, 7.25],
			"to": [8.75, -3.5, 8.25],
			"faces": {
				"north": {"uv": [8, 4, 8.5, 9.5], "texture": "#0"},
				"east": {"uv": [8.5, 4, 9, 9.5], "texture": "#0"},
				"south": {"uv": [9, 4, 9.5, 9.5], "texture": "#0"},
				"west": {"uv": [6, 9, 6.5, 14.5], "texture": "#0"},
				"up": {"uv": [10, 2, 9.5, 1.5], "texture": "#0"},
				"down": {"uv": [11.5, 9, 11, 9.5], "texture": "#0"}
			}
		},
		{
			"from": [7.75, -14.5, 7.75],
			"to": [8.75, -3.5, 8.75],
			"faces": {
				"north": {"uv": [6.5, 9, 7, 14.5], "texture": "#0"},
				"east": {"uv": [9.5, 4, 10, 9.5], "texture": "#0"},
				"south": {"uv": [8, 9.5, 8.5, 15], "texture": "#0"},
				"west": {"uv": [8.5, 9.5, 9, 15], "texture": "#0"},
				"up": {"uv": [14, 9, 13.5, 8.5], "texture": "#0"},
				"down": {"uv": [14, 9, 13.5, 9.5], "texture": "#0"}
			}
		},
		{
			"from": [7.25, -14.5, 7.25],
			"to": [8.25, -3.5, 8.25],
			"faces": {
				"north": {"uv": [9, 9.5, 9.5, 15], "texture": "#0"},
				"east": {"uv": [9.5, 9.5, 10, 15], "texture": "#0"},
				"south": {"uv": [10, 0, 10.5, 5.5], "texture": "#0"},
				"west": {"uv": [10, 5.5, 10.5, 11], "texture": "#0"},
				"up": {"uv": [14, 10, 13.5, 9.5], "texture": "#0"},
				"down": {"uv": [10.5, 13.5, 10, 14], "texture": "#0"}
			}
		},
		{
			"from": [7.25, -14.5, 7.75],
			"to": [8.25, -3.5, 8.75],
			"faces": {
				"north": {"uv": [7, 10, 7.5, 15.5], "texture": "#0"},
				"east": {"uv": [7.5, 10, 8, 15.5], "texture": "#0"},
				"south": {"uv": [0, 10.5, 0.5, 16], "texture": "#0"},
				"west": {"uv": [10.5, 0, 11, 5.5], "texture": "#0"},
				"up": {"uv": [14, 10.5, 13.5, 10], "texture": "#0"},
				"down": {"uv": [11, 13.5, 10.5, 14], "texture": "#0"}
			}
		},
		{
			"from": [7.5, -13.5, 9.25],
			"to": [8.5, -12.5, 12.25],
			"faces": {
				"north": {"uv": [13.5, 10.5, 14, 11], "texture": "#0"},
				"east": {"uv": [11, 5, 12.5, 5.5], "texture": "#0"},
				"south": {"uv": [13.5, 11, 14, 11.5], "texture": "#0"},
				"west": {"uv": [12, 11.5, 13.5, 12], "texture": "#0"},
				"up": {"uv": [10, 1.5, 9.5, 0], "texture": "#0"},
				"down": {"uv": [12.5, 12, 12, 13.5], "texture": "#0"}
			}
		},
		{
			"from": [7.5, -12.5, 9.5],
			"to": [8.5, -11.5, 11.5],
			"faces": {
				"north": {"uv": [13.5, 11.5, 14, 12], "texture": "#0"},
				"east": {"uv": [12.5, 5, 13.5, 5.5], "texture": "#0"},
				"south": {"uv": [12, 13.5, 12.5, 14], "texture": "#0"},
				"west": {"uv": [11, 12.5, 12, 13], "texture": "#0"},
				"up": {"uv": [13, 13, 12.5, 12], "texture": "#0"},
				"down": {"uv": [13.5, 0, 13, 1], "texture": "#0"}
			}
		},
		{
			"from": [7.5, -11.5, 10.25],
			"to": [8.5, -10.5, 12.25],
			"faces": {
				"north": {"uv": [13.5, 12, 14, 12.5], "texture": "#0"},
				"east": {"uv": [0.5, 13, 1.5, 13.5], "texture": "#0"},
				"south": {"uv": [13.5, 12.5, 14, 13], "texture": "#0"},
				"west": {"uv": [13, 1, 14, 1.5], "texture": "#0"},
				"up": {"uv": [2, 14, 1.5, 13], "texture": "#0"},
				"down": {"uv": [13.5, 1.5, 13, 2.5], "texture": "#0"}
			}
		},
		{
			"from": [7.5, -10.5, 11.25],
			"to": [8.5, -7.5, 13.25],
			"faces": {
				"north": {"uv": [12.5, 0, 13, 1.5], "texture": "#0"},
				"east": {"uv": [3.5, 10.5, 4.5, 12], "texture": "#0"},
				"south": {"uv": [12.5, 1.5, 13, 3], "texture": "#0"},
				"west": {"uv": [4.5, 10.5, 5.5, 12], "texture": "#0"},
				"up": {"uv": [2.5, 14, 2, 13], "texture": "#0"},
				"down": {"uv": [3, 13, 2.5, 14], "texture": "#0"}
			}
		},
		{
			"from": [7.5, -7.5, 10.25],
			"to": [8.5, -6.5, 12.25],
			"faces": {
				"north": {"uv": [13.5, 13, 14, 13.5], "texture": "#0"},
				"east": {"uv": [13, 2.5, 14, 3], "texture": "#0"},
				"south": {"uv": [13.5, 13.5, 14, 14], "texture": "#0"},
				"west": {"uv": [3, 13, 4, 13.5], "texture": "#0"},
				"up": {"uv": [4.5, 14, 4, 13], "texture": "#0"},
				"down": {"uv": [5, 13, 4.5, 14], "texture": "#0"}
			}
		},
		{
			"from": [7.5, -6.5, 9.5],
			"to": [8.5, -5.5, 11.5],
			"faces": {
				"north": {"uv": [14, 0, 14.5, 0.5], "texture": "#0"},
				"east": {"uv": [13, 6.5, 14, 7], "texture": "#0"},
				"south": {"uv": [0.5, 14, 1, 14.5], "texture": "#0"},
				"west": {"uv": [13, 7, 14, 7.5], "texture": "#0"},
				"up": {"uv": [5.5, 14, 5, 13], "texture": "#0"},
				"down": {"uv": [13.5, 7.5, 13, 8.5], "texture": "#0"}
			}
		},
		{
			"from": [6.5, -13.75, 6.5],
			"to": [9.5, -12.75, 9.5],
			"faces": {
				"north": {"uv": [12.5, 3, 14, 3.5], "texture": "#0"},
				"east": {"uv": [12.5, 3.5, 14, 4], "texture": "#0"},
				"south": {"uv": [12.5, 4, 14, 4.5], "texture": "#0"},
				"west": {"uv": [12.5, 4.5, 14, 5], "texture": "#0"},
				"up": {"uv": [2, 12, 0.5, 10.5], "texture": "#0"},
				"down": {"uv": [3.5, 10.5, 2, 12], "texture": "#0"}
			}
		},
		{
			"from": [7, -16, 7],
			"to": [9, -14, 9],
			"faces": {
				"north": {"uv": [11, 10.5, 12, 11.5], "texture": "#0"},
				"east": {"uv": [11.5, 0, 12.5, 1], "texture": "#0"},
				"south": {"uv": [11.5, 1, 12.5, 2], "texture": "#0"},
				"west": {"uv": [11.5, 2, 12.5, 3], "texture": "#0"},
				"up": {"uv": [12.5, 7.5, 11.5, 6.5], "texture": "#0"},
				"down": {"uv": [12.5, 7.5, 11.5, 8.5], "texture": "#0"}
			}
		},
		{
			"from": [7.75, -0.5, 5],
			"to": [8.75, 0.5, 11],
			"faces": {
				"north": {"uv": [14, 0.5, 14.5, 1], "texture": "#0"},
				"east": {"uv": [10.5, 5.5, 13.5, 6], "texture": "#0"},
				"south": {"uv": [1, 14, 1.5, 14.5], "texture": "#0"},
				"west": {"uv": [10.5, 6, 13.5, 6.5], "texture": "#0"},
				"up": {"uv": [6, 13.5, 5.5, 10.5], "texture": "#0"},
				"down": {"uv": [11, 6.5, 10.5, 9.5], "texture": "#0"}
			}
		},
		{
			"from": [7.25, -0.5, 5],
			"to": [8.25, 0.5, 11],
			"faces": {
				"north": {"uv": [14, 1, 14.5, 1.5], "texture": "#0"},
				"east": {"uv": [10.5, 9.5, 13.5, 10], "texture": "#0"},
				"south": {"uv": [1.5, 14, 2, 14.5], "texture": "#0"},
				"west": {"uv": [10.5, 10, 13.5, 10.5], "texture": "#0"},
				"up": {"uv": [11, 13.5, 10.5, 10.5], "texture": "#0"},
				"down": {"uv": [11.5, 0, 11, 3], "texture": "#0"}
			}
		},
		{
			"from": [7.25, 0.5, 5],
			"to": [8.25, 2.5, 7],
			"faces": {
				"north": {"uv": [13, 8.5, 13.5, 9.5], "texture": "#0"},
				"east": {"uv": [11.5, 8.5, 12.5, 9.5], "texture": "#0"},
				"south": {"uv": [13, 10.5, 13.5, 11.5], "texture": "#0"},
				"west": {"uv": [11, 11.5, 12, 12.5], "texture": "#0"},
				"up": {"uv": [11.5, 14, 11, 13], "texture": "#0"},
				"down": {"uv": [12, 13, 11.5, 14], "texture": "#0"}
			}
		},
		{
			"from": [7.75, 0.5, 5],
			"to": [8.75, 2.5, 7],
			"faces": {
				"north": {"uv": [13, 12, 13.5, 13], "texture": "#0"},
				"east": {"uv": [0.5, 12, 1.5, 13], "texture": "#0"},
				"south": {"uv": [12.5, 13, 13, 14], "texture": "#0"},
				"west": {"uv": [1.5, 12, 2.5, 13], "texture": "#0"},
				"up": {"uv": [13.5, 14, 13, 13], "texture": "#0"},
				"down": {"uv": [14, 0, 13.5, 1], "texture": "#0"}
			}
		},
		{
			"from": [7.25, 2.5, 5],
			"to": [8.25, 3.5, 6],
			"faces": {
				"north": {"uv": [2, 14, 2.5, 14.5], "texture": "#0"},
				"east": {"uv": [2.5, 14, 3, 14.5], "texture": "#0"},
				"south": {"uv": [14, 2.5, 14.5, 3], "texture": "#0"},
				"west": {"uv": [14, 3, 14.5, 3.5], "texture": "#0"},
				"up": {"uv": [14.5, 4, 14, 3.5], "texture": "#0"},
				"down": {"uv": [4.5, 14, 4, 14.5], "texture": "#0"}
			}
		},
		{
			"from": [7.75, 2.5, 5],
			"to": [8.75, 3.5, 6],
			"faces": {
				"north": {"uv": [14, 4, 14.5, 4.5], "texture": "#0"},
				"east": {"uv": [4.5, 14, 5, 14.5], "texture": "#0"},
				"south": {"uv": [14, 4.5, 14.5, 5], "texture": "#0"},
				"west": {"uv": [5, 14, 5.5, 14.5], "texture": "#0"},
				"up": {"uv": [14.5, 7, 14, 6.5], "texture": "#0"},
				"down": {"uv": [14.5, 7, 14, 7.5], "texture": "#0"}
			}
		},
		{
			"from": [7.5, 0.5, 5.25],
			"to": [8.5, 21.5, 10.25],
			"faces": {
				"north": {"uv": [5, 0, 5.5, 10.5], "texture": "#0"},
				"east": {"uv": [0, 0, 2.5, 10.5], "texture": "#0"},
				"south": {"uv": [5.5, 0, 6, 10.5], "texture": "#0"},
				"west": {"uv": [2.5, 0, 5, 10.5], "texture": "#0"},
				"up": {"uv": [11.5, 9, 11, 6.5], "texture": "#0"},
				"down": {"uv": [10.5, 11, 10, 13.5], "texture": "#0"}
			}
		},
		{
			"from": [7.5, 21.5, 8.25],
			"to": [8.5, 22.5, 10.25],
			"faces": {
				"north": {"uv": [14, 7.5, 14.5, 8], "texture": "#0"},
				"east": {"uv": [0.5, 13.5, 1.5, 14], "texture": "#0"},
				"south": {"uv": [14, 8, 14.5, 8.5], "texture": "#0"},
				"west": {"uv": [13.5, 1.5, 14.5, 2], "texture": "#0"},
				"up": {"uv": [3.5, 14.5, 3, 13.5], "texture": "#0"},
				"down": {"uv": [4, 13.5, 3.5, 14.5], "texture": "#0"}
			}
		},
		{
			"from": [7.5, 22.5, 8.25],
			"to": [8.5, 23.5, 9.25],
			"faces": {
				"north": {"uv": [14, 8.5, 14.5, 9], "texture": "#0"},
				"east": {"uv": [14, 9, 14.5, 9.5], "texture": "#0"},
				"south": {"uv": [14, 9.5, 14.5, 10], "texture": "#0"},
				"west": {"uv": [10, 14, 10.5, 14.5], "texture": "#0"},
				"up": {"uv": [14.5, 10.5, 14, 10], "texture": "#0"},
				"down": {"uv": [11, 14, 10.5, 14.5], "texture": "#0"}
			}
		},
		{
			"from": [7.5, 21.5, 5.5],
			"to": [8.5, 22.5, 6.5],
			"faces": {
				"north": {"uv": [14, 10.5, 14.5, 11], "texture": "#0"},
				"east": {"uv": [11, 14, 11.5, 14.5], "texture": "#0"},
				"south": {"uv": [14, 11, 14.5, 11.5], "texture": "#0"},
				"west": {"uv": [11.5, 14, 12, 14.5], "texture": "#0"},
				"up": {"uv": [14.5, 12, 14, 11.5], "texture": "#0"},
				"down": {"uv": [12.5, 14, 12, 14.5], "texture": "#0"}
			}
		},
		{
			"from": [7, -2.5, 5.25],
			"to": [9, -0.5, 11.25],
			"faces": {
				"north": {"uv": [2.5, 12, 3.5, 13], "texture": "#0"},
				"east": {"uv": [7, 2, 10, 3], "texture": "#0"},
				"south": {"uv": [3.5, 12, 4.5, 13], "texture": "#0"},
				"west": {"uv": [7, 3, 10, 4], "texture": "#0"},
				"up": {"uv": [8, 7, 7, 4], "texture": "#0"},
				"down": {"uv": [8, 7, 7, 10], "texture": "#0"}
			}
		},
		{
			"from": [7, -1.5, 4.25],
			"to": [9, -0.5, 5.25],
			"faces": {
				"north": {"uv": [13.5, 2, 14.5, 2.5], "texture": "#0"},
				"east": {"uv": [14, 12, 14.5, 12.5], "texture": "#0"},
				"south": {"uv": [13.5, 5, 14.5, 5.5], "texture": "#0"},
				"west": {"uv": [12.5, 14, 13, 14.5], "texture": "#0"},
				"up": {"uv": [14.5, 6, 13.5, 5.5], "texture": "#0"},
				"down": {"uv": [14.5, 6, 13.5, 6.5], "texture": "#0"}
			}
		},
		{
			"from": [7, -4.5, 4.5],
			"to": [9, -2.5, 11.5],
			"faces": {
				"north": {"uv": [4.5, 12, 5.5, 13], "texture": "#0"},
				"east": {"uv": [6, 0, 9.5, 1], "texture": "#0"},
				"south": {"uv": [12, 10.5, 13, 11.5], "texture": "#0"},
				"west": {"uv": [6, 1, 9.5, 2], "texture": "#0"},
				"up": {"uv": [7, 5.5, 6, 2], "texture": "#0"},
				"down": {"uv": [7, 5.5, 6, 9], "texture": "#0"}
			}
		},
		{
			"from": [7.5, -5.5, 9.5],
			"to": [8.5, -3.5, 12.5],
			"faces": {
				"north": {"uv": [5.5, 13.5, 6, 14.5], "texture": "#0"},
				"east": {"uv": [11, 3, 12.5, 4], "texture": "#0"},
				"south": {"uv": [13.5, 7.5, 14, 8.5], "texture": "#0"},
				"west": {"uv": [11, 4, 12.5, 5], "texture": "#0"},
				"up": {"uv": [13, 8, 12.5, 6.5], "texture": "#0"},
				"down": {"uv": [13, 8, 12.5, 9.5], "texture": "#0"}
			}
		}
	],
	"display": {
		"thirdperson_righthand": {
			"rotation": [0, 180, 0],
			"translation": [0, 15.25, 1.5]
		},
		"thirdperson_lefthand": {
			"rotation": [0, 180, 0],
			"translation": [0, 15.25, 1.5]
		}
	},
	"groups": [
		{
			"name": "fractured ark",
			"origin": [0, 0, 0],
			"color": 0,
			"children": [
				{
					"name": "handle",
					"origin": [0, 0, 0],
					"color": 0,
					"children": [0, 1, 2, 3, 4, 5, 6, 7, 8, 9]
				},
				{
					"name": "pommel",
					"origin": [0, 0, 0],
					"color": 0,
					"children": [10, 11]
				},
				{
					"name": "blade",
					"origin": [0, 0, 0],
					"color": 0,
					"children": [12, 13, 14, 15, 16, 17, 18, 19, 20, 21]
				},
				{
					"name": "hilt",
					"origin": [0, 0, 0],
					"color": 0,
					"children": [22, 23, 24, 25]
				}
			]
		}
	]
}