{
	"credit": "Made with Blockbench",
	"texture_size": [32, 32],
	"textures": {
		"1": "gaebolg"
	},
	"elements": [
		{
			"from": [7, 18, 7],
			"to": [9, 20, 9],
			"faces": {
				"north": {"uv": [3, 6.5, 4, 7.5], "texture": "#1"},
				"east": {"uv": [6.5, 3, 7.5, 4], "texture": "#1"},
				"south": {"uv": [6.5, 4, 7.5, 5], "texture": "#1"},
				"west": {"uv": [6.5, 5, 7.5, 6], "texture": "#1"},
				"up": {"uv": [6.5, 7.5, 5.5, 6.5], "texture": "#1"},
				"down": {"uv": [7.5, 6, 6.5, 7], "texture": "#1"}
			}
		},
		{
			"from": [4.5, 18, 7.5],
			"to": [7.5, 19, 8.5],
			"rotation": {"angle": 22.5, "axis": "z", "origin": [6, 19, 8]},
			"faces": {
				"north": {"uv": [9, 9, 10.5, 9.5], "texture": "#1"},
				"east": {"uv": [3, 11, 3.5, 11.5], "texture": "#1"},
				"south": {"uv": [2, 9.5, 3.5, 10], "texture": "#1"},
				"west": {"uv": [11, 3, 11.5, 3.5], "texture": "#1"},
				"up": {"uv": [11, 2.5, 9.5, 2], "texture": "#1"},
				"down": {"uv": [11, 2.5, 9.5, 3], "texture": "#1"}
			}
		},
		{
			"from": [8.5, 19.5, 7.5],
			"to": [11.5, 20.5, 8.5],
			"rotation": {"angle": -22.5, "axis": "z", "origin": [6, 19, 8]},
			"faces": {
				"north": {"uv": [9.5, 3, 11, 3.5], "texture": "#1"},
				"east": {"uv": [3.5, 11, 4, 11.5], "texture": "#1"},
				"south": {"uv": [3.5, 9.5, 5, 10], "texture": "#1"},
				"west": {"uv": [11, 3.5, 11.5, 4], "texture": "#1"},
				"up": {"uv": [11, 4, 9.5, 3.5], "texture": "#1"},
				"down": {"uv": [6.5, 9.5, 5, 10], "texture": "#1"}
			}
		},
		{
			"from": [8.74844, 20.24215, 7.5],
			"to": [10.74844, 21.24215, 8.5],
			"rotation": {"angle": 0, "axis": "z", "origin": [9.75, 19.5, 8]},
			"faces": {
				"north": {"uv": [3, 10.5, 4, 11], "texture": "#1"},
				"east": {"uv": [4, 11, 4.5, 11.5], "texture": "#1"},
				"south": {"uv": [4, 10.5, 5, 11], "texture": "#1"},
				"west": {"uv": [4.5, 11, 5, 11.5], "texture": "#1"},
				"up": {"uv": [11.5, 4.5, 10.5, 4], "texture": "#1"},
				"down": {"uv": [11.5, 4.5, 10.5, 5], "texture": "#1"}
			}
		},
		{
			"from": [7, 20.25, 7],
			"to": [9, 22.25, 9],
			"faces": {
				"north": {"uv": [7, 0, 8, 1], "texture": "#1"},
				"east": {"uv": [7, 1, 8, 2], "texture": "#1"},
				"south": {"uv": [6.5, 7, 7.5, 8], "texture": "#1"},
				"west": {"uv": [7.5, 2, 8.5, 3], "texture": "#1"},
				"up": {"uv": [4, 8.5, 3, 7.5], "texture": "#1"},
				"down": {"uv": [8.5, 3, 7.5, 4], "texture": "#1"}
			}
		},
		{
			"from": [5.25, 20.25, 7.5],
			"to": [7.25, 21.25, 8.5],
			"rotation": {"angle": 0, "axis": "z", "origin": [6, 18.75, 8]},
			"faces": {
				"north": {"uv": [5, 10.5, 6, 11], "texture": "#1"},
				"east": {"uv": [5, 11, 5.5, 11.5], "texture": "#1"},
				"south": {"uv": [10.5, 5, 11.5, 5.5], "texture": "#1"},
				"west": {"uv": [5.5, 11, 6, 11.5], "texture": "#1"},
				"up": {"uv": [11.5, 6, 10.5, 5.5], "texture": "#1"},
				"down": {"uv": [7, 10.5, 6, 11], "texture": "#1"}
			}
		},
		{
			"from": [4.5, 22.25, 7.5],
			"to": [7.5, 23.25, 8.5],
			"rotation": {"angle": 22.5, "axis": "z", "origin": [6, 23.25, 8]},
			"faces": {
				"north": {"uv": [6.5, 9.5, 8, 10], "texture": "#1"},
				"east": {"uv": [6, 11, 6.5, 11.5], "texture": "#1"},
				"south": {"uv": [8, 9.5, 9.5, 10], "texture": "#1"},
				"west": {"uv": [6.5, 11, 7, 11.5], "texture": "#1"},
				"up": {"uv": [11, 10, 9.5, 9.5], "texture": "#1"},
				"down": {"uv": [3.5, 10, 2, 10.5], "texture": "#1"}
			}
		},
		{
			"from": [4.75, 23.75, 7.5],
			"to": [6.75, 24.75, 8.5],
			"rotation": {"angle": -22.5, "axis": "z", "origin": [6, 23.25, 8]},
			"faces": {
				"north": {"uv": [10.5, 6, 11.5, 6.5], "texture": "#1"},
				"east": {"uv": [7, 11, 7.5, 11.5], "texture": "#1"},
				"south": {"uv": [10.5, 6.5, 11.5, 7], "texture": "#1"},
				"west": {"uv": [7.5, 11, 8, 11.5], "texture": "#1"},
				"up": {"uv": [8, 11, 7, 10.5], "texture": "#1"},
				"down": {"uv": [11.5, 7, 10.5, 7.5], "texture": "#1"}
			}
		},
		{
			"from": [7, 22.5, 7],
			"to": [9, 24.5, 9],
			"faces": {
				"north": {"uv": [4, 7.5, 5, 8.5], "texture": "#1"},
				"east": {"uv": [7.5, 4, 8.5, 5], "texture": "#1"},
				"south": {"uv": [5, 7.5, 6, 8.5], "texture": "#1"},
				"west": {"uv": [7.5, 5, 8.5, 6], "texture": "#1"},
				"up": {"uv": [8.5, 7, 7.5, 6], "texture": "#1"},
				"down": {"uv": [8.5, 7, 7.5, 8], "texture": "#1"}
			}
		},
		{
			"from": [8.5, 23.75, 7.5],
			"to": [11.5, 24.75, 8.5],
			"rotation": {"angle": -22.5, "axis": "z", "origin": [6, 23.25, 8]},
			"faces": {
				"north": {"uv": [3.5, 10, 5, 10.5], "texture": "#1"},
				"east": {"uv": [8, 11, 8.5, 11.5], "texture": "#1"},
				"south": {"uv": [5, 10, 6.5, 10.5], "texture": "#1"},
				"west": {"uv": [11, 8, 11.5, 8.5], "texture": "#1"},
				"up": {"uv": [8, 10.5, 6.5, 10], "texture": "#1"},
				"down": {"uv": [9.5, 10, 8, 10.5], "texture": "#1"}
			}
		},
		{
			"from": [8.75, 22.25, 7.5],
			"to": [10.75, 23.25, 8.5],
			"rotation": {"angle": 22.5, "axis": "z", "origin": [6, 23.25, 8]},
			"faces": {
				"north": {"uv": [10.5, 7.5, 11.5, 8], "texture": "#1"},
				"east": {"uv": [8.5, 11, 9, 11.5], "texture": "#1"},
				"south": {"uv": [8, 10.5, 9, 11], "texture": "#1"},
				"west": {"uv": [11, 8.5, 11.5, 9], "texture": "#1"},
				"up": {"uv": [10, 11, 9, 10.5], "texture": "#1"},
				"down": {"uv": [11.5, 9, 10.5, 9.5], "texture": "#1"}
			}
		},
		{
			"from": [7, 5.75, 7],
			"to": [9, 7.75, 9],
			"faces": {
				"north": {"uv": [8, 0, 9, 1], "texture": "#1"},
				"east": {"uv": [8, 1, 9, 2], "texture": "#1"},
				"south": {"uv": [2, 8, 3, 9], "texture": "#1"},
				"west": {"uv": [6, 8, 7, 9], "texture": "#1"},
				"up": {"uv": [8, 9, 7, 8], "texture": "#1"},
				"down": {"uv": [9, 8, 8, 9], "texture": "#1"}
			}
		},
		{
			"from": [7, 4.25, 7],
			"to": [9, 5.25, 9],
			"faces": {
				"north": {"uv": [10, 10.5, 11, 11], "texture": "#1"},
				"east": {"uv": [10.5, 10, 11.5, 10.5], "texture": "#1"},
				"south": {"uv": [11, 0, 12, 0.5], "texture": "#1"},
				"west": {"uv": [11, 0.5, 12, 1], "texture": "#1"},
				"up": {"uv": [9.5, 3, 8.5, 2], "texture": "#1"},
				"down": {"uv": [4, 8.5, 3, 9.5], "texture": "#1"}
			}
		},
		{
			"from": [7, 0.75, 7],
			"to": [9, 3.75, 9],
			"faces": {
				"north": {"uv": [2, 0, 3, 1.5], "texture": "#1"},
				"east": {"uv": [2, 1.5, 3, 3], "texture": "#1"},
				"south": {"uv": [3, 0, 4, 1.5], "texture": "#1"},
				"west": {"uv": [3, 1.5, 4, 3], "texture": "#1"},
				"up": {"uv": [9.5, 4, 8.5, 3], "texture": "#1"},
				"down": {"uv": [5, 8.5, 4, 9.5], "texture": "#1"}
			}
		},
		{
			"name": "CORE",
			"from": [7.5, 0, 7.5],
			"to": [8.5, 32, 8.5],
			"faces": {
				"north": {"uv": [0, 0, 0.5, 16], "texture": "#1"},
				"east": {"uv": [0.5, 0, 1, 16], "texture": "#1"},
				"south": {"uv": [1, 0, 1.5, 16], "texture": "#1"},
				"west": {"uv": [1.5, 0, 2, 16], "texture": "#1"},
				"up": {"uv": [9.5, 11.5, 9, 11], "texture": "#1"},
				"down": {"uv": [10, 11, 9.5, 11.5], "texture": "#1"}
			}
		},
		{
			"from": [6, 13.75, 6],
			"to": [10, 14.75, 6],
			"faces": {
				"north": {"uv": [9, 0, 11, 0.5], "texture": "#1"},
				"east": {"uv": [0, 0, 0, 0.5], "texture": "#1"},
				"south": {"uv": [9, 0.5, 11, 1], "texture": "#1"},
				"west": {"uv": [0, 0, 0, 0.5], "texture": "#1"},
				"up": {"uv": [2, 0, 0, 0], "texture": "#1"},
				"down": {"uv": [2, 0, 0, 0], "texture": "#1"}
			}
		},
		{
			"from": [6, 13.75, 10],
			"to": [10, 14.75, 10],
			"faces": {
				"north": {"uv": [9, 1, 11, 1.5], "texture": "#1"},
				"east": {"uv": [0, 0, 0, 0.5], "texture": "#1"},
				"south": {"uv": [9, 1.5, 11, 2], "texture": "#1"},
				"west": {"uv": [0, 0, 0, 0.5], "texture": "#1"},
				"up": {"uv": [2, 0, 0, 0], "texture": "#1"},
				"down": {"uv": [2, 0, 0, 0], "texture": "#1"}
			}
		},
		{
			"from": [6, 13.75, 6],
			"to": [6, 14.75, 10],
			"rotation": {"angle": 0, "axis": "y", "origin": [8, 10, 6]},
			"faces": {
				"north": {"uv": [0, 0, 0, 0.5], "texture": "#1"},
				"east": {"uv": [5, 9, 7, 9.5], "texture": "#1"},
				"south": {"uv": [0, 0, 0, 0.5], "texture": "#1"},
				"west": {"uv": [7, 9, 9, 9.5], "texture": "#1"},
				"up": {"uv": [0, 2, 0, 0], "texture": "#1"},
				"down": {"uv": [0, 0, 0, 2], "texture": "#1"}
			}
		},
		{
			"from": [10, 13.75, 6],
			"to": [10, 14.75, 10],
			"rotation": {"angle": 0, "axis": "y", "origin": [8, 10, 6]},
			"faces": {
				"north": {"uv": [0, 0, 0, 0.5], "texture": "#1"},
				"east": {"uv": [9, 8, 11, 8.5], "texture": "#1"},
				"south": {"uv": [0, 0, 0, 0.5], "texture": "#1"},
				"west": {"uv": [9, 8.5, 11, 9], "texture": "#1"},
				"up": {"uv": [0, 2, 0, 0], "texture": "#1"},
				"down": {"uv": [0, 0, 0, 2], "texture": "#1"}
			}
		},
		{
			"from": [6, 9.75, 6],
			"to": [10, 10.75, 6],
			"faces": {
				"north": {"uv": [8.5, 4, 10.5, 4.5], "texture": "#1"},
				"east": {"uv": [0, 0, 0, 0.5], "texture": "#1"},
				"south": {"uv": [8.5, 4.5, 10.5, 5], "texture": "#1"},
				"west": {"uv": [0, 0, 0, 0.5], "texture": "#1"},
				"up": {"uv": [2, 0, 0, 0], "texture": "#1"},
				"down": {"uv": [2, 0, 0, 0], "texture": "#1"}
			}
		},
		{
			"from": [6, 9.75, 10],
			"to": [10, 10.75, 10],
			"faces": {
				"north": {"uv": [8.5, 5, 10.5, 5.5], "texture": "#1"},
				"east": {"uv": [0, 0, 0, 0.5], "texture": "#1"},
				"south": {"uv": [8.5, 5.5, 10.5, 6], "texture": "#1"},
				"west": {"uv": [0, 0, 0, 0.5], "texture": "#1"},
				"up": {"uv": [2, 0, 0, 0], "texture": "#1"},
				"down": {"uv": [2, 0, 0, 0], "texture": "#1"}
			}
		},
		{
			"from": [6, 9.75, 6],
			"to": [6, 10.75, 10],
			"rotation": {"angle": 0, "axis": "y", "origin": [8, 10, 6]},
			"faces": {
				"north": {"uv": [0, 0, 0, 0.5], "texture": "#1"},
				"east": {"uv": [8.5, 6, 10.5, 6.5], "texture": "#1"},
				"south": {"uv": [0, 0, 0, 0.5], "texture": "#1"},
				"west": {"uv": [8.5, 6.5, 10.5, 7], "texture": "#1"},
				"up": {"uv": [0, 2, 0, 0], "texture": "#1"},
				"down": {"uv": [0, 0, 0, 2], "texture": "#1"}
			}
		},
		{
			"from": [10, 9.75, 6],
			"to": [10, 10.75, 10],
			"rotation": {"angle": 0, "axis": "y", "origin": [8, 10, 6]},
			"faces": {
				"north": {"uv": [0, 0, 0, 0.5], "texture": "#1"},
				"east": {"uv": [8.5, 7, 10.5, 7.5], "texture": "#1"},
				"south": {"uv": [0, 0, 0, 0.5], "texture": "#1"},
				"west": {"uv": [8.5, 7.5, 10.5, 8], "texture": "#1"},
				"up": {"uv": [0, 2, 0, 0], "texture": "#1"},
				"down": {"uv": [0, 0, 0, 2], "texture": "#1"}
			}
		},
		{
			"from": [7, 27.5, 7],
			"to": [9, 29.5, 9],
			"faces": {
				"north": {"uv": [5.5, 2.5, 6.5, 3.5], "texture": "#1"},
				"east": {"uv": [3, 5.5, 4, 6.5], "texture": "#1"},
				"south": {"uv": [5.5, 3.5, 6.5, 4.5], "texture": "#1"},
				"west": {"uv": [5.5, 4.5, 6.5, 5.5], "texture": "#1"},
				"up": {"uv": [6.5, 6.5, 5.5, 5.5], "texture": "#1"},
				"down": {"uv": [7, 0, 6, 1], "texture": "#1"}
			}
		},
		{
			"from": [7.75, 26.5, 7.75],
			"to": [8.75, 31.5, 8.75],
			"faces": {
				"north": {"uv": [2, 3, 2.5, 5.5], "texture": "#1"},
				"east": {"uv": [2.5, 3, 3, 5.5], "texture": "#1"},
				"south": {"uv": [3, 3, 3.5, 5.5], "texture": "#1"},
				"west": {"uv": [3.5, 3, 4, 5.5], "texture": "#1"},
				"up": {"uv": [6.5, 2.5, 6, 2], "texture": "#1"},
				"down": {"uv": [6.5, 7.5, 6, 8], "texture": "#1"}
			}
		},
		{
			"from": [7.75, 26.5, 7.25],
			"to": [8.75, 31.5, 8.25],
			"faces": {
				"north": {"uv": [4, 0, 4.5, 2.5], "texture": "#1"},
				"east": {"uv": [4, 2.5, 4.5, 5], "texture": "#1"},
				"south": {"uv": [4.5, 0, 5, 2.5], "texture": "#1"},
				"west": {"uv": [4.5, 2.5, 5, 5], "texture": "#1"},
				"up": {"uv": [11.5, 1.5, 11, 1], "texture": "#1"},
				"down": {"uv": [11.5, 1.5, 11, 2], "texture": "#1"}
			}
		},
		{
			"from": [7.25, 26.5, 7.25],
			"to": [8.25, 31.5, 8.25],
			"faces": {
				"north": {"uv": [5, 0, 5.5, 2.5], "texture": "#1"},
				"east": {"uv": [5, 2.5, 5.5, 5], "texture": "#1"},
				"south": {"uv": [4, 5, 4.5, 7.5], "texture": "#1"},
				"west": {"uv": [4.5, 5, 5, 7.5], "texture": "#1"},
				"up": {"uv": [2.5, 11.5, 2, 11], "texture": "#1"},
				"down": {"uv": [11.5, 2, 11, 2.5], "texture": "#1"}
			}
		},
		{
			"from": [7.25, 26.5, 7.75],
			"to": [8.25, 31.5, 8.75],
			"faces": {
				"north": {"uv": [5, 5, 5.5, 7.5], "texture": "#1"},
				"east": {"uv": [5.5, 0, 6, 2.5], "texture": "#1"},
				"south": {"uv": [2, 5.5, 2.5, 8], "texture": "#1"},
				"west": {"uv": [2.5, 5.5, 3, 8], "texture": "#1"},
				"up": {"uv": [3, 11.5, 2.5, 11], "texture": "#1"},
				"down": {"uv": [11.5, 2.5, 11, 3], "texture": "#1"}
			}
		},
		{
			"from": [7, 25.5, 7],
			"to": [9, 26.5, 9],
			"faces": {
				"north": {"uv": [5, 8.5, 6, 9], "texture": "#1"},
				"east": {"uv": [2, 9, 3, 9.5], "texture": "#1"},
				"south": {"uv": [9.5, 10, 10.5, 10.5], "texture": "#1"},
				"west": {"uv": [2, 10.5, 3, 11], "texture": "#1"},
				"up": {"uv": [7, 2, 6, 1], "texture": "#1"},
				"down": {"uv": [7.5, 2, 6.5, 3], "texture": "#1"}
			}
		}
	],
	"display": {
		"thirdperson_righthand": {
			"rotation": [0, 91, 0],
			"translation": [0, -10.75, 1.25],
			"scale": [1, 2, 1]
		},
		"thirdperson_lefthand": {
			"rotation": [0, 94, 0],
			"translation": [0, -10.25, 1.5],
			"scale": [1, 2, 1]
		},
		"firstperson_righthand": {
			"rotation": [-39, 89, 0],
			"translation": [0.75, 4.5, 0]
		},
		"firstperson_lefthand": {
			"rotation": [-40, 90, 0],
			"translation": [0.75, 4.5, 0]
		},
		"ground": {
			"rotation": [90, 0, 0],
			"translation": [0, 0, -12],
			"scale": [1, 2, 1]
		},
		"gui": {
			"rotation": [0, 0, -45],
			"translation": [-4.25, -4.5, 0]
		},
		"fixed": {
			"rotation": [0, 0, 45],
			"translation": [4.5, -5, 0]
		}
	},
	"groups": [
		{
			"name": "Gaebolg",
			"origin": [8, 8, 8],
			"color": 0,
			"children": [
				{
					"name": "hilt",
					"origin": [6, 23.25, 8],
					"color": 0,
					"children": [0, 1, 2, 3, 4, 5, 6, 7, 8, 9, 10]
				},
				{
					"name": "pommel",
					"origin": [0, 0, 0],
					"color": 0,
					"children": [11, 12, 13]
				},
				14,
				{
					"name": "ring 2",
					"origin": [8, 10, 6],
					"color": 0,
					"children": [15, 16, 17, 18]
				},
				{
					"name": "ring 1",
					"origin": [8, 10, 6],
					"color": 0,
					"children": [19, 20, 21, 22]
				},
				{
					"name": "blade",
					"origin": [0, 0, 0],
					"color": 0,
					"children": [23, 24, 25, 26, 27, 28]
				}
			]
		}
	]
}