{
	"credit": "Made with Blockbench",
	"texture_size": [128, 128],
	"textures": {
		"0": "block/10t hammer",
		"particle": "block/10t hammer"
	},
	"elements": [
		{
			"from": [-4, 19, -7],
			"to": [21, 32, 23],
			"faces": {
				"north": {"uv": [0, 5.375, 3.125, 7], "texture": "#0"},
				"east": {"uv": [0, 3.75, 3.75, 5.375], "texture": "#0"},
				"south": {"uv": [3.125, 5.375, 6.25, 7], "texture": "#0"},
				"west": {"uv": [3.75, 3.75, 7.5, 5.375], "texture": "#0"},
				"up": {"uv": [3.125, 3.75, 0, 0], "texture": "#0"},
				"down": {"uv": [6.25, 0, 3.125, 3.75], "texture": "#0"}
			}
		},
		{
			"from": [-3, 20, -8],
			"to": [20, 31, -7],
			"faces": {
				"north": {"uv": [6.25, 0, 9.125, 1.375], "texture": "#0"},
				"east": {"uv": [5.75, 7, 5.875, 8.375], "texture": "#0"},
				"south": {"uv": [6.25, 1.375, 9.125, 2.75], "texture": "#0"},
				"west": {"uv": [5.875, 7, 6, 8.375], "texture": "#0"},
				"up": {"uv": [10.375, 4.625, 7.5, 4.5], "texture": "#0"},
				"down": {"uv": [10.375, 4.625, 7.5, 4.75], "texture": "#0"}
			}
		},
		{
			"from": [-3, 20, 23],
			"to": [20, 31, 24],
			"faces": {
				"north": {"uv": [6.25, 5.375, 9.125, 6.75], "texture": "#0"},
				"east": {"uv": [6, 7, 6.125, 8.375], "texture": "#0"},
				"south": {"uv": [6.25, 6.75, 9.125, 8.125], "texture": "#0"},
				"west": {"uv": [6.125, 7, 6.25, 8.375], "texture": "#0"},
				"up": {"uv": [10.375, 4.875, 7.5, 4.75], "texture": "#0"},
				"down": {"uv": [10.375, 4.875, 7.5, 5], "texture": "#0"}
			}
		},
		{
			"from": [-1, 22, 24],
			"to": [18, 29, 25],
			"faces": {
				"north": {"uv": [6.25, 2.75, 8.625, 3.625], "texture": "#0"},
				"east": {"uv": [2.375, 7.875, 2.5, 8.75], "texture": "#0"},
				"south": {"uv": [0, 7, 2.375, 7.875], "texture": "#0"},
				"west": {"uv": [2.5, 7.875, 2.625, 8.75], "texture": "#0"},
				"up": {"uv": [9.875, 5.125, 7.5, 5], "texture": "#0"},
				"down": {"uv": [9.875, 5.125, 7.5, 5.25], "texture": "#0"}
			}
		},
		{
			"from": [-1, 22, -9],
			"to": [18, 29, -8],
			"faces": {
				"north": {"uv": [2.375, 7, 4.75, 7.875], "texture": "#0"},
				"east": {"uv": [2.625, 7.875, 2.75, 8.75], "texture": "#0"},
				"south": {"uv": [7.5, 3.625, 9.875, 4.5], "texture": "#0"},
				"west": {"uv": [2.75, 7.875, 2.875, 8.75], "texture": "#0"},
				"up": {"uv": [9.875, 5.375, 7.5, 5.25], "texture": "#0"},
				"down": {"uv": [2.375, 7.875, 0, 8], "texture": "#0"}
			}
		},
		{
			"from": [7, 0, 7],
			"to": [9, 19, 9],
			"faces": {
				"north": {"uv": [4.75, 7, 5, 9.375], "texture": "#0"},
				"east": {"uv": [5, 7, 5.25, 9.375], "texture": "#0"},
				"south": {"uv": [5.25, 7, 5.5, 9.375], "texture": "#0"},
				"west": {"uv": [5.5, 7, 5.75, 9.375], "texture": "#0"},
				"up": {"uv": [3.125, 8.125, 2.875, 7.875], "texture": "#0"},
				"down": {"uv": [3.375, 7.875, 3.125, 8.125], "texture": "#0"}
			}
		}
	],
	"display": {
		"thirdperson_righthand": {
			"translation": [0, 9, 1.25],
			"scale": [1, 2, 1]
		},
		"thirdperson_lefthand": {
			"translation": [0, 9, 1.25],
			"scale": [1, 2, 1]
		},
		"firstperson_righthand": {
			"translation": [16.25, -1, -9.5]
		},
		"firstperson_lefthand": {
			"translation": [16.25, 0, -9.5]
		},
		"ground": {
			"rotation": [0, 0, 90],
			"translation": [8.75, 0, 0],
			"scale": [1, 2, 1]
		},
		"gui": {
			"rotation": [90, 46, -90],
			"translation": [-5.5, -6.25, 0],
			"scale": [1, 1, 0.5]
		},
		"fixed": {
			"rotation": [-90, 36.75, 90],
			"translation": [5, -5.25, 0],
			"scale": [0.5, 1, 0.5]
		}
	},
	"groups": [
		{
			"name": "10ton hammer",
			"origin": [8, 8, 8],
			"color": 0,
			"children": [
				{
					"name": "head",
					"origin": [0, 0, 0],
					"color": 0,
					"children": [0, 1, 2, 3, 4]
				},
				{
					"name": "shaft",
					"origin": [0, 0, 0],
					"color": 0,
					"children": [5]
				}
			]
		}
	]
}