{
	"credit": "Made with Blockbench",
	"texture_size": [32, 32],
	"textures": {
		"0": "block/barrigans axe",
		"particle": "block/barrigans axe"
	},
	"elements": [
		{
			"from": [5.5, 23.5, 7],
			"to": [11.5, 26.5, 9],
			"faces": {
				"north": {"uv": [6, 0, 9, 1.5], "texture": "#0"},
				"east": {"uv": [10, 0, 11, 1.5], "texture": "#0"},
				"south": {"uv": [6, 1.5, 9, 3], "texture": "#0"},
				"west": {"uv": [10, 1.5, 11, 3], "texture": "#0"},
				"up": {"uv": [10, 4, 7, 3], "texture": "#0"},
				"down": {"uv": [10, 4, 7, 5], "texture": "#0"}
			}
		},
		{
			"from": [11.5, 22.5, 7],
			"to": [12.5, 27.5, 9],
			"faces": {
				"north": {"uv": [10, 3, 10.5, 5.5], "texture": "#0"},
				"east": {"uv": [6, 7.5, 7, 10], "texture": "#0"},
				"south": {"uv": [10, 5.5, 10.5, 8], "texture": "#0"},
				"west": {"uv": [8, 5, 9, 7.5], "texture": "#0"},
				"up": {"uv": [8.5, 11, 8, 10], "texture": "#0"},
				"down": {"uv": [10.5, 8, 10, 9], "texture": "#0"}
			}
		},
		{
			"from": [11.5, 31, 7],
			"to": [12.5, 32, 9],
			"faces": {
				"north": {"uv": [12.5, 14.5, 13, 15], "texture": "#0"},
				"east": {"uv": [9, 2.5, 10, 3], "texture": "#0"},
				"south": {"uv": [14.5, 13, 15, 13.5], "texture": "#0"},
				"west": {"uv": [10, 9, 11, 9.5], "texture": "#0"},
				"up": {"uv": [9, 11, 8.5, 10], "texture": "#0"},
				"down": {"uv": [10.5, 9.5, 10, 10.5], "texture": "#0"}
			}
		},
		{
			"from": [4.5, 31, 7],
			"to": [5.5, 32, 9],
			"faces": {
				"north": {"uv": [14.5, 13.5, 15, 14], "texture": "#0"},
				"east": {"uv": [2, 10.5, 3, 11], "texture": "#0"},
				"south": {"uv": [14.5, 14, 15, 14.5], "texture": "#0"},
				"west": {"uv": [3, 10.5, 4, 11], "texture": "#0"},
				"up": {"uv": [11, 4, 10.5, 3], "texture": "#0"},
				"down": {"uv": [4.5, 10.5, 4, 11.5], "texture": "#0"}
			}
		},
		{
			"from": [4.5, 18.5, 7],
			"to": [5.5, 19.5, 9],
			"faces": {
				"north": {"uv": [14.5, 14.5, 15, 15], "texture": "#0"},
				"east": {"uv": [10.5, 4, 11.5, 4.5], "texture": "#0"},
				"south": {"uv": [15, 0, 15.5, 0.5], "texture": "#0"},
				"west": {"uv": [10.5, 4.5, 11.5, 5], "texture": "#0"},
				"up": {"uv": [5, 11.5, 4.5, 10.5], "texture": "#0"},
				"down": {"uv": [11, 5, 10.5, 6], "texture": "#0"}
			}
		},
		{
			"from": [11.5, 18.5, 7],
			"to": [12.5, 19.5, 9],
			"faces": {
				"north": {"uv": [15, 0.5, 15.5, 1], "texture": "#0"},
				"east": {"uv": [10.5, 6, 11.5, 6.5], "texture": "#0"},
				"south": {"uv": [15, 1, 15.5, 1.5], "texture": "#0"},
				"west": {"uv": [10.5, 6.5, 11.5, 7], "texture": "#0"},
				"up": {"uv": [11, 8, 10.5, 7], "texture": "#0"},
				"down": {"uv": [11, 8, 10.5, 9], "texture": "#0"}
			}
		},
		{
			"from": [4.5, 22.5, 7],
			"to": [5.5, 27.5, 9],
			"faces": {
				"north": {"uv": [6, 10, 6.5, 12.5], "texture": "#0"},
				"east": {"uv": [8, 7.5, 9, 10], "texture": "#0"},
				"south": {"uv": [6.5, 10, 7, 12.5], "texture": "#0"},
				"west": {"uv": [9, 0, 10, 2.5], "texture": "#0"},
				"up": {"uv": [11, 10.5, 10.5, 9.5], "texture": "#0"},
				"down": {"uv": [10.5, 10.5, 10, 11.5], "texture": "#0"}
			}
		},
		{
			"from": [3.5, 19.5, 7],
			"to": [4.5, 31, 9],
			"faces": {
				"north": {"uv": [5, 6, 5.5, 12], "texture": "#0"},
				"east": {"uv": [2, 0, 3, 6], "texture": "#0"},
				"south": {"uv": [5.5, 6, 6, 12], "texture": "#0"},
				"west": {"uv": [3, 0, 4, 6], "texture": "#0"},
				"up": {"uv": [11, 11.5, 10.5, 10.5], "texture": "#0"},
				"down": {"uv": [11.5, 0, 11, 1], "texture": "#0"}
			}
		},
		{
			"from": [2.5, 20.75, 7],
			"to": [3.5, 29.75, 9],
			"faces": {
				"north": {"uv": [9, 5, 9.5, 9.5], "texture": "#0"},
				"east": {"uv": [2, 6, 3, 10.5], "texture": "#0"},
				"south": {"uv": [9.5, 5, 10, 9.5], "texture": "#0"},
				"west": {"uv": [3, 6, 4, 10.5], "texture": "#0"},
				"up": {"uv": [11.5, 2, 11, 1], "texture": "#0"},
				"down": {"uv": [2.5, 11, 2, 12], "texture": "#0"}
			}
		},
		{
			"from": [12.5, 19.5, 7],
			"to": [13.5, 31, 9],
			"faces": {
				"north": {"uv": [7, 5, 7.5, 11], "texture": "#0"},
				"east": {"uv": [4, 0, 5, 6], "texture": "#0"},
				"south": {"uv": [7.5, 5, 8, 11], "texture": "#0"},
				"west": {"uv": [5, 0, 6, 6], "texture": "#0"},
				"up": {"uv": [11.5, 3, 11, 2], "texture": "#0"},
				"down": {"uv": [3, 11, 2.5, 12], "texture": "#0"}
			}
		},
		{
			"from": [13.5, 20.75, 7],
			"to": [14.5, 29.75, 9],
			"faces": {
				"north": {"uv": [9, 9.5, 9.5, 14], "texture": "#0"},
				"east": {"uv": [6, 3, 7, 7.5], "texture": "#0"},
				"south": {"uv": [9.5, 9.5, 10, 14], "texture": "#0"},
				"west": {"uv": [4, 6, 5, 10.5], "texture": "#0"},
				"up": {"uv": [3.5, 12, 3, 11], "texture": "#0"},
				"down": {"uv": [11.5, 3, 11, 4], "texture": "#0"}
			}
		},
		{
			"from": [10.5, 25, 6.75],
			"to": [11.5, 27, 6.75],
			"rotation": {"angle": 22.5, "axis": "x", "origin": [11, 26, 7]},
			"faces": {
				"north": {"uv": [3.5, 11, 4, 12], "texture": "#0"},
				"east": {"uv": [0, 0, 0, 1], "texture": "#0"},
				"south": {"uv": [11, 5, 11.5, 6], "texture": "#0"},
				"west": {"uv": [0, 0, 0, 1], "texture": "#0"},
				"up": {"uv": [0.5, 0, 0, 0], "texture": "#0"},
				"down": {"uv": [0.5, 0, 0, 0], "texture": "#0"}
			}
		},
		{
			"from": [10, 23.75, 6.75],
			"to": [11, 25.75, 6.75],
			"rotation": {"angle": -45, "axis": "y", "origin": [11, 26, 7]},
			"faces": {
				"north": {"uv": [7, 11, 7.5, 12], "texture": "#0"},
				"east": {"uv": [0, 0, 0, 1], "texture": "#0"},
				"south": {"uv": [11, 7, 11.5, 8], "texture": "#0"},
				"west": {"uv": [0, 0, 0, 1], "texture": "#0"},
				"up": {"uv": [0.5, 0, 0, 0], "texture": "#0"},
				"down": {"uv": [0.5, 0, 0, 0], "texture": "#0"}
			}
		},
		{
			"from": [10.35355, 21.25, 6.60355],
			"to": [11.35355, 23.25, 6.60355],
			"rotation": {"angle": -22.5, "axis": "y", "origin": [11, 22, 6.5]},
			"faces": {
				"north": {"uv": [7.5, 11, 8, 12], "texture": "#0"},
				"east": {"uv": [0, 0, 0, 1], "texture": "#0"},
				"south": {"uv": [8, 11, 8.5, 12], "texture": "#0"},
				"west": {"uv": [0, 0, 0, 1], "texture": "#0"},
				"up": {"uv": [0.5, 0, 0, 0], "texture": "#0"},
				"down": {"uv": [0.5, 0, 0, 0], "texture": "#0"}
			}
		},
		{
			"from": [10.28033, 22.5, 6.42678],
			"to": [11.28033, 24.5, 6.42678],
			"rotation": {"angle": 22.5, "axis": "y", "origin": [10.75, 23.75, 6.5]},
			"faces": {
				"north": {"uv": [11, 8, 11.5, 9], "texture": "#0"},
				"east": {"uv": [0, 0, 0, 1], "texture": "#0"},
				"south": {"uv": [8.5, 11, 9, 12], "texture": "#0"},
				"west": {"uv": [0, 0, 0, 1], "texture": "#0"},
				"up": {"uv": [0.5, 0, 0, 0], "texture": "#0"},
				"down": {"uv": [0.5, 0, 0, 0], "texture": "#0"}
			}
		},
		{
			"from": [10.64645, 16, 5.85355],
			"to": [10.64645, 18, 6.85355],
			"rotation": {"angle": 22.5, "axis": "y", "origin": [10.75, 16.75, 6.5]},
			"faces": {
				"north": {"uv": [0, 0, 0, 1], "texture": "#0"},
				"east": {"uv": [11, 9, 11.5, 10], "texture": "#0"},
				"south": {"uv": [0, 0, 0, 1], "texture": "#0"},
				"west": {"uv": [11, 10, 11.5, 11], "texture": "#0"},
				"up": {"uv": [0, 0.5, 0, 0], "texture": "#0"},
				"down": {"uv": [0, 0, 0, 0.5], "texture": "#0"}
			}
		},
		{
			"from": [10.03033, 17.25, 6.42678],
			"to": [11.03033, 19.25, 6.42678],
			"rotation": {"angle": 0, "axis": "y", "origin": [10.5, 18.5, 6.5]},
			"faces": {
				"north": {"uv": [11, 11, 11.5, 12], "texture": "#0"},
				"east": {"uv": [0, 0, 0, 1], "texture": "#0"},
				"south": {"uv": [11.5, 0, 12, 1], "texture": "#0"},
				"west": {"uv": [0, 0, 0, 1], "texture": "#0"},
				"up": {"uv": [0.5, 0, 0, 0], "texture": "#0"},
				"down": {"uv": [0.5, 0, 0, 0], "texture": "#0"}
			}
		},
		{
			"from": [10.5, 19.75, 6.5],
			"to": [11.5, 21.75, 6.5],
			"rotation": {"angle": 22.5, "axis": "y", "origin": [11, 20.75, 7]},
			"faces": {
				"north": {"uv": [11.5, 1, 12, 2], "texture": "#0"},
				"east": {"uv": [0, 0, 0, 1], "texture": "#0"},
				"south": {"uv": [11.5, 2, 12, 3], "texture": "#0"},
				"west": {"uv": [0, 0, 0, 1], "texture": "#0"},
				"up": {"uv": [0.5, 0, 0, 0], "texture": "#0"},
				"down": {"uv": [0.5, 0, 0, 0], "texture": "#0"}
			}
		},
		{
			"from": [11, 18.5, 6],
			"to": [11, 20.5, 7],
			"rotation": {"angle": 22.5, "axis": "y", "origin": [11, 20.75, 7]},
			"faces": {
				"north": {"uv": [0, 0, 0, 1], "texture": "#0"},
				"east": {"uv": [11.5, 3, 12, 4], "texture": "#0"},
				"south": {"uv": [0, 0, 0, 1], "texture": "#0"},
				"west": {"uv": [4, 11.5, 4.5, 12.5], "texture": "#0"},
				"up": {"uv": [0, 0.5, 0, 0], "texture": "#0"},
				"down": {"uv": [0, 0, 0, 0.5], "texture": "#0"}
			}
		},
		{
			"from": [9.75, 14.75, 6.5],
			"to": [10.75, 16.75, 6.5],
			"rotation": {"angle": -22.5, "axis": "y", "origin": [10.75, 17, 7]},
			"faces": {
				"north": {"uv": [11.5, 4, 12, 5], "texture": "#0"},
				"east": {"uv": [0, 0, 0, 1], "texture": "#0"},
				"south": {"uv": [4.5, 11.5, 5, 12.5], "texture": "#0"},
				"west": {"uv": [0, 0, 0, 1], "texture": "#0"},
				"up": {"uv": [0.5, 0, 0, 0], "texture": "#0"},
				"down": {"uv": [0.5, 0, 0, 0], "texture": "#0"}
			}
		},
		{
			"from": [10.10355, 12.25, 6.60355],
			"to": [11.10355, 14.25, 6.60355],
			"rotation": {"angle": -22.5, "axis": "y", "origin": [10.75, 13, 6.5]},
			"faces": {
				"north": {"uv": [11.5, 5, 12, 6], "texture": "#0"},
				"east": {"uv": [0, 0, 0, 1], "texture": "#0"},
				"south": {"uv": [11.5, 6, 12, 7], "texture": "#0"},
				"west": {"uv": [0, 0, 0, 1], "texture": "#0"},
				"up": {"uv": [0.5, 0, 0, 0], "texture": "#0"},
				"down": {"uv": [0.5, 0, 0, 0], "texture": "#0"}
			}
		},
		{
			"from": [10.03033, 13.5, 6.42678],
			"to": [11.03033, 15.5, 6.42678],
			"rotation": {"angle": 22.5, "axis": "y", "origin": [10.5, 14.75, 6.5]},
			"faces": {
				"north": {"uv": [11.5, 7, 12, 8], "texture": "#0"},
				"east": {"uv": [0, 0, 0, 1], "texture": "#0"},
				"south": {"uv": [11.5, 8, 12, 9], "texture": "#0"},
				"west": {"uv": [0, 0, 0, 1], "texture": "#0"},
				"up": {"uv": [0.5, 0, 0, 0], "texture": "#0"},
				"down": {"uv": [0.5, 0, 0, 0], "texture": "#0"}
			}
		},
		{
			"from": [9.85355, 7, 6.85355],
			"to": [10.85355, 9, 6.85355],
			"rotation": {"angle": -45, "axis": "y", "origin": [10.5, 7.75, 6.5]},
			"faces": {
				"north": {"uv": [11.5, 9, 12, 10], "texture": "#0"},
				"east": {"uv": [0, 0, 0, 1], "texture": "#0"},
				"south": {"uv": [10, 11.5, 10.5, 12.5], "texture": "#0"},
				"west": {"uv": [0, 0, 0, 1], "texture": "#0"},
				"up": {"uv": [0.5, 0, 0, 0], "texture": "#0"},
				"down": {"uv": [0.5, 0, 0, 0], "texture": "#0"}
			}
		},
		{
			"from": [9.78033, 8.25, 6.67678],
			"to": [10.78033, 10.25, 6.67678],
			"rotation": {"angle": 0, "axis": "y", "origin": [10.25, 9.5, 6.5]},
			"faces": {
				"north": {"uv": [11.5, 10, 12, 11], "texture": "#0"},
				"east": {"uv": [0, 0, 0, 1], "texture": "#0"},
				"south": {"uv": [10.5, 11.5, 11, 12.5], "texture": "#0"},
				"west": {"uv": [0, 0, 0, 1], "texture": "#0"},
				"up": {"uv": [0.5, 0, 0, 0], "texture": "#0"},
				"down": {"uv": [0.5, 0, 0, 0], "texture": "#0"}
			}
		},
		{
			"from": [10.25, 10.75, 6.5],
			"to": [11.25, 12.75, 6.5],
			"rotation": {"angle": 22.5, "axis": "y", "origin": [10.75, 11.75, 7]},
			"faces": {
				"north": {"uv": [11.5, 11, 12, 12], "texture": "#0"},
				"east": {"uv": [0, 0, 0, 1], "texture": "#0"},
				"south": {"uv": [12, 0, 12.5, 1], "texture": "#0"},
				"west": {"uv": [0, 0, 0, 1], "texture": "#0"},
				"up": {"uv": [0.5, 0, 0, 0], "texture": "#0"},
				"down": {"uv": [0.5, 0, 0, 0], "texture": "#0"}
			}
		},
		{
			"from": [10.5, 9.5, 6.25],
			"to": [10.5, 11.5, 7.25],
			"rotation": {"angle": 22.5, "axis": "y", "origin": [10.75, 11.75, 7]},
			"faces": {
				"north": {"uv": [0, 0, 0, 1], "texture": "#0"},
				"east": {"uv": [12, 1, 12.5, 2], "texture": "#0"},
				"south": {"uv": [0, 0, 0, 1], "texture": "#0"},
				"west": {"uv": [2, 12, 2.5, 13], "texture": "#0"},
				"up": {"uv": [0, 0.5, 0, 0], "texture": "#0"},
				"down": {"uv": [0, 0, 0, 0.5], "texture": "#0"}
			}
		},
		{
			"from": [9.75, 0.5, 6.25],
			"to": [9.75, 2.5, 7.25],
			"rotation": {"angle": 22.5, "axis": "y", "origin": [10.25, 2.75, 7.25]},
			"faces": {
				"north": {"uv": [0, 0, 0, 1], "texture": "#0"},
				"east": {"uv": [12, 2, 12.5, 3], "texture": "#0"},
				"south": {"uv": [0, 0, 0, 1], "texture": "#0"},
				"west": {"uv": [2.5, 12, 3, 13], "texture": "#0"},
				"up": {"uv": [0, 0.5, 0, 0], "texture": "#0"},
				"down": {"uv": [0, 0, 0, 0.5], "texture": "#0"}
			}
		},
		{
			"from": [9.25, 1.75, 6.75],
			"to": [10.25, 3.75, 6.75],
			"rotation": {"angle": 22.5, "axis": "y", "origin": [10.25, 2.75, 7.25]},
			"faces": {
				"north": {"uv": [3, 12, 3.5, 13], "texture": "#0"},
				"east": {"uv": [0, 0, 0, 1], "texture": "#0"},
				"south": {"uv": [12, 3, 12.5, 4], "texture": "#0"},
				"west": {"uv": [0, 0, 0, 1], "texture": "#0"},
				"up": {"uv": [0.5, 0, 0, 0], "texture": "#0"},
				"down": {"uv": [0.5, 0, 0, 0], "texture": "#0"}
			}
		},
		{
			"from": [9.03033, -0.75, 7.17678],
			"to": [10.03033, 1.25, 7.17678],
			"rotation": {"angle": -22.5, "axis": "x", "origin": [9.75, 0.5, 6.75]},
			"faces": {
				"north": {"uv": [3.5, 12, 4, 13], "texture": "#0"},
				"east": {"uv": [0, 0, 0, 1], "texture": "#0"},
				"south": {"uv": [12, 4, 12.5, 5], "texture": "#0"},
				"west": {"uv": [0, 0, 0, 1], "texture": "#0"},
				"up": {"uv": [0.5, 0, 0, 0], "texture": "#0"},
				"down": {"uv": [0.5, 0, 0, 0], "texture": "#0"}
			}
		},
		{
			"from": [7.32322, -1.53033, 7],
			"to": [7.32322, -0.53033, 9],
			"rotation": {"angle": 22.5, "axis": "z", "origin": [6.25, 0.5, 6.75]},
			"faces": {
				"north": {"uv": [0, 0, 0, 0.5], "texture": "#0"},
				"east": {"uv": [5, 12, 6, 12.5], "texture": "#0"},
				"south": {"uv": [0, 0, 0, 0.5], "texture": "#0"},
				"west": {"uv": [12, 5, 13, 5.5], "texture": "#0"},
				"up": {"uv": [0, 1, 0, 0], "texture": "#0"},
				"down": {"uv": [0, 0, 0, 1], "texture": "#0"}
			}
		},
		{
			"from": [17.07322, 24.21967, 7],
			"to": [17.07322, 25.21967, 9],
			"rotation": {"angle": 22.5, "axis": "z", "origin": [6.25, 0.5, 6.75]},
			"faces": {
				"north": {"uv": [0, 0, 0, 0.5], "texture": "#0"},
				"east": {"uv": [12, 5.5, 13, 6], "texture": "#0"},
				"south": {"uv": [0, 0, 0, 0.5], "texture": "#0"},
				"west": {"uv": [12, 6, 13, 6.5], "texture": "#0"},
				"up": {"uv": [0, 1, 0, 0], "texture": "#0"},
				"down": {"uv": [0, 0, 0, 1], "texture": "#0"}
			}
		},
		{
			"from": [0.67678, 24.96967, 7],
			"to": [0.67678, 25.96967, 9],
			"rotation": {"angle": -22.5, "axis": "z", "origin": [9.75, 0.5, 6.75]},
			"faces": {
				"north": {"uv": [0, 0, 0, 0.5], "texture": "#0"},
				"east": {"uv": [12, 6.5, 13, 7], "texture": "#0"},
				"south": {"uv": [0, 0, 0, 0.5], "texture": "#0"},
				"west": {"uv": [7, 12, 8, 12.5], "texture": "#0"},
				"up": {"uv": [0, 1, 0, 0], "texture": "#0"},
				"down": {"uv": [0, 0, 0, 1], "texture": "#0"}
			}
		},
		{
			"from": [9.67678, -1.28033, 7],
			"to": [9.67678, -0.28033, 9],
			"rotation": {"angle": -22.5, "axis": "z", "origin": [9.75, 0.5, 6.75]},
			"faces": {
				"north": {"uv": [0, 0, 0, 0.5], "texture": "#0"},
				"east": {"uv": [12, 7, 13, 7.5], "texture": "#0"},
				"south": {"uv": [0, 0, 0, 0.5], "texture": "#0"},
				"west": {"uv": [12, 7.5, 13, 8], "texture": "#0"},
				"up": {"uv": [0, 1, 0, 0], "texture": "#0"},
				"down": {"uv": [0, 0, 0, 1], "texture": "#0"}
			}
		},
		{
			"from": [7.5, -1.53033, 7.92678],
			"to": [9.5, -0.53033, 7.92678],
			"rotation": {"angle": 0, "axis": "y", "origin": [9.75, 0.5, 6.75]},
			"faces": {
				"north": {"uv": [8, 12, 9, 12.5], "texture": "#0"},
				"east": {"uv": [0, 0, 0, 0.5], "texture": "#0"},
				"south": {"uv": [12, 8, 13, 8.5], "texture": "#0"},
				"west": {"uv": [0, 0, 0, 0.5], "texture": "#0"},
				"up": {"uv": [1, 0, 0, 0], "texture": "#0"},
				"down": {"uv": [1, 0, 0, 0], "texture": "#0"}
			}
		},
		{
			"from": [9.28033, 4.5, 6.67678],
			"to": [10.28033, 6.5, 6.67678],
			"rotation": {"angle": 22.5, "axis": "y", "origin": [10, 5.75, 6.75]},
			"faces": {
				"north": {"uv": [12, 8.5, 12.5, 9.5], "texture": "#0"},
				"east": {"uv": [0, 0, 0, 1], "texture": "#0"},
				"south": {"uv": [12, 9.5, 12.5, 10.5], "texture": "#0"},
				"west": {"uv": [0, 0, 0, 1], "texture": "#0"},
				"up": {"uv": [0.5, 0, 0, 0], "texture": "#0"},
				"down": {"uv": [0.5, 0, 0, 0], "texture": "#0"}
			}
		},
		{
			"from": [9.35355, 3.25, 7.10355],
			"to": [10.35355, 5.25, 7.10355],
			"rotation": {"angle": -22.5, "axis": "y", "origin": [10.25, 4, 6.75]},
			"faces": {
				"north": {"uv": [12, 10.5, 12.5, 11.5], "texture": "#0"},
				"east": {"uv": [0, 0, 0, 1], "texture": "#0"},
				"south": {"uv": [11, 12, 11.5, 13], "texture": "#0"},
				"west": {"uv": [0, 0, 0, 1], "texture": "#0"},
				"up": {"uv": [0.5, 0, 0, 0], "texture": "#0"},
				"down": {"uv": [0.5, 0, 0, 0], "texture": "#0"}
			}
		},
		{
			"from": [9.5, 5.75, 6.75],
			"to": [10.5, 7.75, 6.75],
			"rotation": {"angle": 0, "axis": "y", "origin": [10.25, 6, 7.25]},
			"faces": {
				"north": {"uv": [11.5, 12, 12, 13], "texture": "#0"},
				"east": {"uv": [0, 0, 0, 1], "texture": "#0"},
				"south": {"uv": [12, 11.5, 12.5, 12.5], "texture": "#0"},
				"west": {"uv": [0, 0, 0, 1], "texture": "#0"},
				"up": {"uv": [0.5, 0, 0, 0], "texture": "#0"},
				"down": {"uv": [0.5, 0, 0, 0], "texture": "#0"}
			}
		},
		{
			"from": [6.5, 25, 6.75],
			"to": [7.5, 27, 6.75],
			"rotation": {"angle": 22.5, "axis": "x", "origin": [7, 26, 7]},
			"faces": {
				"north": {"uv": [12.5, 0, 13, 1], "texture": "#0"},
				"east": {"uv": [0, 0, 0, 1], "texture": "#0"},
				"south": {"uv": [12.5, 1, 13, 2], "texture": "#0"},
				"west": {"uv": [0, 0, 0, 1], "texture": "#0"},
				"up": {"uv": [0.5, 0, 0, 0], "texture": "#0"},
				"down": {"uv": [0.5, 0, 0, 0], "texture": "#0"}
			}
		},
		{
			"from": [6, 23.75, 6.75],
			"to": [7, 25.75, 6.75],
			"rotation": {"angle": -45, "axis": "y", "origin": [7, 26, 7]},
			"faces": {
				"north": {"uv": [12.5, 2, 13, 3], "texture": "#0"},
				"east": {"uv": [0, 0, 0, 1], "texture": "#0"},
				"south": {"uv": [12.5, 3, 13, 4], "texture": "#0"},
				"west": {"uv": [0, 0, 0, 1], "texture": "#0"},
				"up": {"uv": [0.5, 0, 0, 0], "texture": "#0"},
				"down": {"uv": [0.5, 0, 0, 0], "texture": "#0"}
			}
		},
		{
			"from": [6.35355, 21.25, 6.60355],
			"to": [7.35355, 23.25, 6.60355],
			"rotation": {"angle": -22.5, "axis": "y", "origin": [7, 22, 6.5]},
			"faces": {
				"north": {"uv": [4, 12.5, 4.5, 13.5], "texture": "#0"},
				"east": {"uv": [0, 0, 0, 1], "texture": "#0"},
				"south": {"uv": [12.5, 4, 13, 5], "texture": "#0"},
				"west": {"uv": [0, 0, 0, 1], "texture": "#0"},
				"up": {"uv": [0.5, 0, 0, 0], "texture": "#0"},
				"down": {"uv": [0.5, 0, 0, 0], "texture": "#0"}
			}
		},
		{
			"from": [6.28033, 22.5, 6.42678],
			"to": [7.28033, 24.5, 6.42678],
			"rotation": {"angle": 22.5, "axis": "y", "origin": [6.75, 23.75, 6.5]},
			"faces": {
				"north": {"uv": [4.5, 12.5, 5, 13.5], "texture": "#0"},
				"east": {"uv": [0, 0, 0, 1], "texture": "#0"},
				"south": {"uv": [5, 12.5, 5.5, 13.5], "texture": "#0"},
				"west": {"uv": [0, 0, 0, 1], "texture": "#0"},
				"up": {"uv": [0.5, 0, 0, 0], "texture": "#0"},
				"down": {"uv": [0.5, 0, 0, 0], "texture": "#0"}
			}
		},
		{
			"from": [6.64645, 16, 5.85355],
			"to": [6.64645, 18, 6.85355],
			"rotation": {"angle": 22.5, "axis": "y", "origin": [6.75, 16.75, 6.5]},
			"faces": {
				"north": {"uv": [0, 0, 0, 1], "texture": "#0"},
				"east": {"uv": [5.5, 12.5, 6, 13.5], "texture": "#0"},
				"south": {"uv": [0, 0, 0, 1], "texture": "#0"},
				"west": {"uv": [6, 12.5, 6.5, 13.5], "texture": "#0"},
				"up": {"uv": [0, 0.5, 0, 0], "texture": "#0"},
				"down": {"uv": [0, 0, 0, 0.5], "texture": "#0"}
			}
		},
		{
			"from": [6.03033, 17.25, 6.42678],
			"to": [7.03033, 19.25, 6.42678],
			"rotation": {"angle": 0, "axis": "y", "origin": [6.5, 18.5, 6.5]},
			"faces": {
				"north": {"uv": [6.5, 12.5, 7, 13.5], "texture": "#0"},
				"east": {"uv": [0, 0, 0, 1], "texture": "#0"},
				"south": {"uv": [7, 12.5, 7.5, 13.5], "texture": "#0"},
				"west": {"uv": [0, 0, 0, 1], "texture": "#0"},
				"up": {"uv": [0.5, 0, 0, 0], "texture": "#0"},
				"down": {"uv": [0.5, 0, 0, 0], "texture": "#0"}
			}
		},
		{
			"from": [6.5, 19.75, 6.5],
			"to": [7.5, 21.75, 6.5],
			"rotation": {"angle": 22.5, "axis": "y", "origin": [7, 20.75, 7]},
			"faces": {
				"north": {"uv": [7.5, 12.5, 8, 13.5], "texture": "#0"},
				"east": {"uv": [0, 0, 0, 1], "texture": "#0"},
				"south": {"uv": [8, 12.5, 8.5, 13.5], "texture": "#0"},
				"west": {"uv": [0, 0, 0, 1], "texture": "#0"},
				"up": {"uv": [0.5, 0, 0, 0], "texture": "#0"},
				"down": {"uv": [0.5, 0, 0, 0], "texture": "#0"}
			}
		},
		{
			"from": [7, 18.5, 6],
			"to": [7, 20.5, 7],
			"rotation": {"angle": 22.5, "axis": "y", "origin": [7, 20.75, 7]},
			"faces": {
				"north": {"uv": [0, 0, 0, 1], "texture": "#0"},
				"east": {"uv": [8.5, 12.5, 9, 13.5], "texture": "#0"},
				"south": {"uv": [0, 0, 0, 1], "texture": "#0"},
				"west": {"uv": [12.5, 8.5, 13, 9.5], "texture": "#0"},
				"up": {"uv": [0, 0.5, 0, 0], "texture": "#0"},
				"down": {"uv": [0, 0, 0, 0.5], "texture": "#0"}
			}
		},
		{
			"from": [5.75, 14.75, 6.5],
			"to": [6.75, 16.75, 6.5],
			"rotation": {"angle": -22.5, "axis": "y", "origin": [6.75, 17, 7]},
			"faces": {
				"north": {"uv": [12.5, 9.5, 13, 10.5], "texture": "#0"},
				"east": {"uv": [0, 0, 0, 1], "texture": "#0"},
				"south": {"uv": [10, 12.5, 10.5, 13.5], "texture": "#0"},
				"west": {"uv": [0, 0, 0, 1], "texture": "#0"},
				"up": {"uv": [0.5, 0, 0, 0], "texture": "#0"},
				"down": {"uv": [0.5, 0, 0, 0], "texture": "#0"}
			}
		},
		{
			"from": [6.35355, 12.25, 6.60355],
			"to": [7.35355, 14.25, 6.60355],
			"rotation": {"angle": -22.5, "axis": "y", "origin": [6.75, 13, 6.5]},
			"faces": {
				"north": {"uv": [10.5, 12.5, 11, 13.5], "texture": "#0"},
				"east": {"uv": [0, 0, 0, 1], "texture": "#0"},
				"south": {"uv": [12.5, 10.5, 13, 11.5], "texture": "#0"},
				"west": {"uv": [0, 0, 0, 1], "texture": "#0"},
				"up": {"uv": [0.5, 0, 0, 0], "texture": "#0"},
				"down": {"uv": [0.5, 0, 0, 0], "texture": "#0"}
			}
		},
		{
			"from": [6.03033, 13.5, 6.42678],
			"to": [7.03033, 15.5, 6.42678],
			"rotation": {"angle": 22.5, "axis": "y", "origin": [6.5, 14.75, 6.5]},
			"faces": {
				"north": {"uv": [12.5, 11.5, 13, 12.5], "texture": "#0"},
				"east": {"uv": [0, 0, 0, 1], "texture": "#0"},
				"south": {"uv": [12, 12.5, 12.5, 13.5], "texture": "#0"},
				"west": {"uv": [0, 0, 0, 1], "texture": "#0"},
				"up": {"uv": [0.5, 0, 0, 0], "texture": "#0"},
				"down": {"uv": [0.5, 0, 0, 0], "texture": "#0"}
			}
		},
		{
			"from": [6.85355, 7, 6.85355],
			"to": [7.85355, 9, 6.85355],
			"rotation": {"angle": -45, "axis": "y", "origin": [6.5, 7.75, 6.5]},
			"faces": {
				"north": {"uv": [12.5, 12.5, 13, 13.5], "texture": "#0"},
				"east": {"uv": [0, 0, 0, 1], "texture": "#0"},
				"south": {"uv": [13, 0, 13.5, 1], "texture": "#0"},
				"west": {"uv": [0, 0, 0, 1], "texture": "#0"},
				"up": {"uv": [0.5, 0, 0, 0], "texture": "#0"},
				"down": {"uv": [0.5, 0, 0, 0], "texture": "#0"}
			}
		},
		{
			"from": [6.03033, 8.25, 7.17678],
			"to": [7.03033, 10.25, 7.17678],
			"rotation": {"angle": 0, "axis": "y", "origin": [6.25, 9.5, 6.5]},
			"faces": {
				"north": {"uv": [13, 1, 13.5, 2], "texture": "#0"},
				"east": {"uv": [0, 0, 0, 1], "texture": "#0"},
				"south": {"uv": [2, 13, 2.5, 14], "texture": "#0"},
				"west": {"uv": [0, 0, 0, 1], "texture": "#0"},
				"up": {"uv": [0.5, 0, 0, 0], "texture": "#0"},
				"down": {"uv": [0.5, 0, 0, 0], "texture": "#0"}
			}
		},
		{
			"from": [6.25, 10.75, 6.75],
			"to": [7.25, 12.75, 6.75],
			"rotation": {"angle": 22.5, "axis": "y", "origin": [6.75, 11.75, 7]},
			"faces": {
				"north": {"uv": [13, 2, 13.5, 3], "texture": "#0"},
				"east": {"uv": [0, 0, 0, 1], "texture": "#0"},
				"south": {"uv": [2.5, 13, 3, 14], "texture": "#0"},
				"west": {"uv": [0, 0, 0, 1], "texture": "#0"},
				"up": {"uv": [0.5, 0, 0, 0], "texture": "#0"},
				"down": {"uv": [0.5, 0, 0, 0], "texture": "#0"}
			}
		},
		{
			"from": [6.5, 9.5, 6.25],
			"to": [6.5, 11.5, 7.25],
			"rotation": {"angle": 22.5, "axis": "y", "origin": [6.75, 11.75, 7]},
			"faces": {
				"north": {"uv": [0, 0, 0, 1], "texture": "#0"},
				"east": {"uv": [3, 13, 3.5, 14], "texture": "#0"},
				"south": {"uv": [0, 0, 0, 1], "texture": "#0"},
				"west": {"uv": [13, 3, 13.5, 4], "texture": "#0"},
				"up": {"uv": [0, 0.5, 0, 0], "texture": "#0"},
				"down": {"uv": [0, 0, 0, 0.5], "texture": "#0"}
			}
		},
		{
			"from": [7.5, 0.5, 7.25],
			"to": [7.5, 2.5, 8.25],
			"rotation": {"angle": 22.5, "axis": "y", "origin": [6.25, 2.75, 7.25]},
			"faces": {
				"north": {"uv": [0, 0, 0, 1], "texture": "#0"},
				"east": {"uv": [3.5, 13, 4, 14], "texture": "#0"},
				"south": {"uv": [0, 0, 0, 1], "texture": "#0"},
				"west": {"uv": [13, 4, 13.5, 5], "texture": "#0"},
				"up": {"uv": [0, 0.5, 0, 0], "texture": "#0"},
				"down": {"uv": [0, 0, 0, 0.5], "texture": "#0"}
			}
		},
		{
			"from": [7, 1.75, 7.75],
			"to": [8, 3.75, 7.75],
			"rotation": {"angle": 22.5, "axis": "y", "origin": [6.25, 2.75, 7.25]},
			"faces": {
				"north": {"uv": [13, 5, 13.5, 6], "texture": "#0"},
				"east": {"uv": [0, 0, 0, 1], "texture": "#0"},
				"south": {"uv": [13, 6, 13.5, 7], "texture": "#0"},
				"west": {"uv": [0, 0, 0, 1], "texture": "#0"},
				"up": {"uv": [0.5, 0, 0, 0], "texture": "#0"},
				"down": {"uv": [0.5, 0, 0, 0], "texture": "#0"}
			}
		},
		{
			"from": [7.03033, -0.75, 7.17678],
			"to": [8.03033, 1.25, 7.17678],
			"rotation": {"angle": -22.5, "axis": "x", "origin": [5.75, 0.5, 6.75]},
			"faces": {
				"north": {"uv": [13, 7, 13.5, 8], "texture": "#0"},
				"east": {"uv": [0, 0, 0, 1], "texture": "#0"},
				"south": {"uv": [13, 8, 13.5, 9], "texture": "#0"},
				"west": {"uv": [0, 0, 0, 1], "texture": "#0"},
				"up": {"uv": [0.5, 0, 0, 0], "texture": "#0"},
				"down": {"uv": [0.5, 0, 0, 0], "texture": "#0"}
			}
		},
		{
			"from": [6.53033, 4.5, 7.67678],
			"to": [7.53033, 6.5, 7.67678],
			"rotation": {"angle": 22.5, "axis": "y", "origin": [6, 5.75, 6.75]},
			"faces": {
				"north": {"uv": [13, 9, 13.5, 10], "texture": "#0"},
				"east": {"uv": [0, 0, 0, 1], "texture": "#0"},
				"south": {"uv": [13, 10, 13.5, 11], "texture": "#0"},
				"west": {"uv": [0, 0, 0, 1], "texture": "#0"},
				"up": {"uv": [0.5, 0, 0, 0], "texture": "#0"},
				"down": {"uv": [0.5, 0, 0, 0], "texture": "#0"}
			}
		},
		{
			"from": [7.10355, 3.25, 6.60355],
			"to": [8.10355, 5.25, 6.60355],
			"rotation": {"angle": -22.5, "axis": "y", "origin": [6.25, 4, 6.75]},
			"faces": {
				"north": {"uv": [11, 13, 11.5, 14], "texture": "#0"},
				"east": {"uv": [0, 0, 0, 1], "texture": "#0"},
				"south": {"uv": [13, 11, 13.5, 12], "texture": "#0"},
				"west": {"uv": [0, 0, 0, 1], "texture": "#0"},
				"up": {"uv": [0.5, 0, 0, 0], "texture": "#0"},
				"down": {"uv": [0.5, 0, 0, 0], "texture": "#0"}
			}
		},
		{
			"from": [6.5, 5.75, 7.25],
			"to": [7.5, 7.75, 7.25],
			"rotation": {"angle": 0, "axis": "y", "origin": [6.25, 6, 7.25]},
			"faces": {
				"north": {"uv": [11.5, 13, 12, 14], "texture": "#0"},
				"east": {"uv": [0, 0, 0, 1], "texture": "#0"},
				"south": {"uv": [13, 12, 13.5, 13], "texture": "#0"},
				"west": {"uv": [0, 0, 0, 1], "texture": "#0"},
				"up": {"uv": [0.5, 0, 0, 0], "texture": "#0"},
				"down": {"uv": [0.5, 0, 0, 0], "texture": "#0"}
			}
		},
		{
			"from": [10.5, 25, 9.25],
			"to": [11.5, 27, 9.25],
			"rotation": {"angle": -22.5, "axis": "x", "origin": [11, 26, 9]},
			"faces": {
				"north": {"uv": [13, 13, 13.5, 14], "texture": "#0"},
				"east": {"uv": [0, 0, 0, 1], "texture": "#0"},
				"south": {"uv": [13.5, 0, 14, 1], "texture": "#0"},
				"west": {"uv": [0, 0, 0, 1], "texture": "#0"},
				"up": {"uv": [0.5, 0, 0, 0], "texture": "#0"},
				"down": {"uv": [0.5, 0, 0, 0], "texture": "#0"}
			}
		},
		{
			"from": [10, 23.75, 9.25],
			"to": [11, 25.75, 9.25],
			"rotation": {"angle": 45, "axis": "y", "origin": [11, 26, 9]},
			"faces": {
				"north": {"uv": [13.5, 1, 14, 2], "texture": "#0"},
				"east": {"uv": [0, 0, 0, 1], "texture": "#0"},
				"south": {"uv": [13.5, 2, 14, 3], "texture": "#0"},
				"west": {"uv": [0, 0, 0, 1], "texture": "#0"},
				"up": {"uv": [0.5, 0, 0, 0], "texture": "#0"},
				"down": {"uv": [0.5, 0, 0, 0], "texture": "#0"}
			}
		},
		{
			"from": [10.35355, 21.25, 9.39645],
			"to": [11.35355, 23.25, 9.39645],
			"rotation": {"angle": 22.5, "axis": "y", "origin": [11, 22, 9.5]},
			"faces": {
				"north": {"uv": [13.5, 3, 14, 4], "texture": "#0"},
				"east": {"uv": [0, 0, 0, 1], "texture": "#0"},
				"south": {"uv": [4, 13.5, 4.5, 14.5], "texture": "#0"},
				"west": {"uv": [0, 0, 0, 1], "texture": "#0"},
				"up": {"uv": [0.5, 0, 0, 0], "texture": "#0"},
				"down": {"uv": [0.5, 0, 0, 0], "texture": "#0"}
			}
		},
		{
			"from": [10.28033, 22.5, 9.57322],
			"to": [11.28033, 24.5, 9.57322],
			"rotation": {"angle": -22.5, "axis": "y", "origin": [10.75, 23.75, 9.5]},
			"faces": {
				"north": {"uv": [13.5, 4, 14, 5], "texture": "#0"},
				"east": {"uv": [0, 0, 0, 1], "texture": "#0"},
				"south": {"uv": [4.5, 13.5, 5, 14.5], "texture": "#0"},
				"west": {"uv": [0, 0, 0, 1], "texture": "#0"},
				"up": {"uv": [0.5, 0, 0, 0], "texture": "#0"},
				"down": {"uv": [0.5, 0, 0, 0], "texture": "#0"}
			}
		},
		{
			"from": [10.64645, 16, 9.14645],
			"to": [10.64645, 18, 10.14645],
			"rotation": {"angle": -22.5, "axis": "y", "origin": [10.75, 16.75, 9.5]},
			"faces": {
				"north": {"uv": [0, 0, 0, 1], "texture": "#0"},
				"east": {"uv": [5, 13.5, 5.5, 14.5], "texture": "#0"},
				"south": {"uv": [0, 0, 0, 1], "texture": "#0"},
				"west": {"uv": [13.5, 5, 14, 6], "texture": "#0"},
				"up": {"uv": [0, 0.5, 0, 0], "texture": "#0"},
				"down": {"uv": [0, 0, 0, 0.5], "texture": "#0"}
			}
		},
		{
			"from": [10.03033, 17.25, 9.57322],
			"to": [11.03033, 19.25, 9.57322],
			"rotation": {"angle": 0, "axis": "y", "origin": [10.5, 18.5, 9.5]},
			"faces": {
				"north": {"uv": [5.5, 13.5, 6, 14.5], "texture": "#0"},
				"east": {"uv": [0, 0, 0, 1], "texture": "#0"},
				"south": {"uv": [6, 13.5, 6.5, 14.5], "texture": "#0"},
				"west": {"uv": [0, 0, 0, 1], "texture": "#0"},
				"up": {"uv": [0.5, 0, 0, 0], "texture": "#0"},
				"down": {"uv": [0.5, 0, 0, 0], "texture": "#0"}
			}
		},
		{
			"from": [10.5, 19.75, 9.5],
			"to": [11.5, 21.75, 9.5],
			"rotation": {"angle": -22.5, "axis": "y", "origin": [11, 20.75, 9]},
			"faces": {
				"north": {"uv": [13.5, 6, 14, 7], "texture": "#0"},
				"east": {"uv": [0, 0, 0, 1], "texture": "#0"},
				"south": {"uv": [6.5, 13.5, 7, 14.5], "texture": "#0"},
				"west": {"uv": [0, 0, 0, 1], "texture": "#0"},
				"up": {"uv": [0.5, 0, 0, 0], "texture": "#0"},
				"down": {"uv": [0.5, 0, 0, 0], "texture": "#0"}
			}
		},
		{
			"from": [11, 18.5, 9],
			"to": [11, 20.5, 10],
			"rotation": {"angle": -22.5, "axis": "y", "origin": [11, 20.75, 9]},
			"faces": {
				"north": {"uv": [0, 0, 0, 1], "texture": "#0"},
				"east": {"uv": [7, 13.5, 7.5, 14.5], "texture": "#0"},
				"south": {"uv": [0, 0, 0, 1], "texture": "#0"},
				"west": {"uv": [13.5, 7, 14, 8], "texture": "#0"},
				"up": {"uv": [0, 0.5, 0, 0], "texture": "#0"},
				"down": {"uv": [0, 0, 0, 0.5], "texture": "#0"}
			}
		},
		{
			"from": [9.75, 14.75, 9.5],
			"to": [10.75, 16.75, 9.5],
			"rotation": {"angle": 22.5, "axis": "y", "origin": [10.75, 17, 9]},
			"faces": {
				"north": {"uv": [7.5, 13.5, 8, 14.5], "texture": "#0"},
				"east": {"uv": [0, 0, 0, 1], "texture": "#0"},
				"south": {"uv": [8, 13.5, 8.5, 14.5], "texture": "#0"},
				"west": {"uv": [0, 0, 0, 1], "texture": "#0"},
				"up": {"uv": [0.5, 0, 0, 0], "texture": "#0"},
				"down": {"uv": [0.5, 0, 0, 0], "texture": "#0"}
			}
		},
		{
			"from": [10.10355, 12.25, 9.39645],
			"to": [11.10355, 14.25, 9.39645],
			"rotation": {"angle": 22.5, "axis": "y", "origin": [10.75, 13, 9.5]},
			"faces": {
				"north": {"uv": [13.5, 8, 14, 9], "texture": "#0"},
				"east": {"uv": [0, 0, 0, 1], "texture": "#0"},
				"south": {"uv": [8.5, 13.5, 9, 14.5], "texture": "#0"},
				"west": {"uv": [0, 0, 0, 1], "texture": "#0"},
				"up": {"uv": [0.5, 0, 0, 0], "texture": "#0"},
				"down": {"uv": [0.5, 0, 0, 0], "texture": "#0"}
			}
		},
		{
			"from": [10.03033, 13.5, 9.57322],
			"to": [11.03033, 15.5, 9.57322],
			"rotation": {"angle": -22.5, "axis": "y", "origin": [10.5, 14.75, 9.5]},
			"faces": {
				"north": {"uv": [13.5, 9, 14, 10], "texture": "#0"},
				"east": {"uv": [0, 0, 0, 1], "texture": "#0"},
				"south": {"uv": [10, 13.5, 10.5, 14.5], "texture": "#0"},
				"west": {"uv": [0, 0, 0, 1], "texture": "#0"},
				"up": {"uv": [0.5, 0, 0, 0], "texture": "#0"},
				"down": {"uv": [0.5, 0, 0, 0], "texture": "#0"}
			}
		},
		{
			"from": [9.85355, 7, 9.14645],
			"to": [10.85355, 9, 9.14645],
			"rotation": {"angle": 45, "axis": "y", "origin": [10.5, 7.75, 9.5]},
			"faces": {
				"north": {"uv": [13.5, 10, 14, 11], "texture": "#0"},
				"east": {"uv": [0, 0, 0, 1], "texture": "#0"},
				"south": {"uv": [10.5, 13.5, 11, 14.5], "texture": "#0"},
				"west": {"uv": [0, 0, 0, 1], "texture": "#0"},
				"up": {"uv": [0.5, 0, 0, 0], "texture": "#0"},
				"down": {"uv": [0.5, 0, 0, 0], "texture": "#0"}
			}
		},
		{
			"from": [9.78033, 8.25, 9.32322],
			"to": [10.78033, 10.25, 9.32322],
			"rotation": {"angle": 0, "axis": "y", "origin": [10.25, 9.5, 9.5]},
			"faces": {
				"north": {"uv": [13.5, 11, 14, 12], "texture": "#0"},
				"east": {"uv": [0, 0, 0, 1], "texture": "#0"},
				"south": {"uv": [12, 13.5, 12.5, 14.5], "texture": "#0"},
				"west": {"uv": [0, 0, 0, 1], "texture": "#0"},
				"up": {"uv": [0.5, 0, 0, 0], "texture": "#0"},
				"down": {"uv": [0.5, 0, 0, 0], "texture": "#0"}
			}
		},
		{
			"from": [10.25, 10.75, 9.5],
			"to": [11.25, 12.75, 9.5],
			"rotation": {"angle": -22.5, "axis": "y", "origin": [10.75, 11.75, 9]},
			"faces": {
				"north": {"uv": [13.5, 12, 14, 13], "texture": "#0"},
				"east": {"uv": [0, 0, 0, 1], "texture": "#0"},
				"south": {"uv": [12.5, 13.5, 13, 14.5], "texture": "#0"},
				"west": {"uv": [0, 0, 0, 1], "texture": "#0"},
				"up": {"uv": [0.5, 0, 0, 0], "texture": "#0"},
				"down": {"uv": [0.5, 0, 0, 0], "texture": "#0"}
			}
		},
		{
			"from": [10.5, 9.5, 8.75],
			"to": [10.5, 11.5, 9.75],
			"rotation": {"angle": -22.5, "axis": "y", "origin": [10.75, 11.75, 9]},
			"faces": {
				"north": {"uv": [0, 0, 0, 1], "texture": "#0"},
				"east": {"uv": [13.5, 13, 14, 14], "texture": "#0"},
				"south": {"uv": [0, 0, 0, 1], "texture": "#0"},
				"west": {"uv": [14, 0, 14.5, 1], "texture": "#0"},
				"up": {"uv": [0, 0.5, 0, 0], "texture": "#0"},
				"down": {"uv": [0, 0, 0, 0.5], "texture": "#0"}
			}
		},
		{
			"from": [9.75, 0.5, 8.75],
			"to": [9.75, 2.5, 9.75],
			"rotation": {"angle": -22.5, "axis": "y", "origin": [10.25, 2.75, 8.75]},
			"faces": {
				"north": {"uv": [0, 0, 0, 1], "texture": "#0"},
				"east": {"uv": [14, 1, 14.5, 2], "texture": "#0"},
				"south": {"uv": [0, 0, 0, 1], "texture": "#0"},
				"west": {"uv": [2, 14, 2.5, 15], "texture": "#0"},
				"up": {"uv": [0, 0.5, 0, 0], "texture": "#0"},
				"down": {"uv": [0, 0, 0, 0.5], "texture": "#0"}
			}
		},
		{
			"from": [9.25, 1.75, 9.25],
			"to": [10.25, 3.75, 9.25],
			"rotation": {"angle": -22.5, "axis": "y", "origin": [10.25, 2.75, 8.75]},
			"faces": {
				"north": {"uv": [14, 2, 14.5, 3], "texture": "#0"},
				"east": {"uv": [0, 0, 0, 1], "texture": "#0"},
				"south": {"uv": [2.5, 14, 3, 15], "texture": "#0"},
				"west": {"uv": [0, 0, 0, 1], "texture": "#0"},
				"up": {"uv": [0.5, 0, 0, 0], "texture": "#0"},
				"down": {"uv": [0.5, 0, 0, 0], "texture": "#0"}
			}
		},
		{
			"from": [9.03033, -0.75, 8.82322],
			"to": [10.03033, 1.25, 8.82322],
			"rotation": {"angle": 22.5, "axis": "x", "origin": [9.75, 0.5, 9.25]},
			"faces": {
				"north": {"uv": [3, 14, 3.5, 15], "texture": "#0"},
				"east": {"uv": [0, 0, 0, 1], "texture": "#0"},
				"south": {"uv": [14, 3, 14.5, 4], "texture": "#0"},
				"west": {"uv": [0, 0, 0, 1], "texture": "#0"},
				"up": {"uv": [0.5, 0, 0, 0], "texture": "#0"},
				"down": {"uv": [0.5, 0, 0, 0], "texture": "#0"}
			}
		},
		{
			"from": [9.28033, 4.5, 9.32322],
			"to": [10.28033, 6.5, 9.32322],
			"rotation": {"angle": -22.5, "axis": "y", "origin": [10, 5.75, 9.25]},
			"faces": {
				"north": {"uv": [3.5, 14, 4, 15], "texture": "#0"},
				"east": {"uv": [0, 0, 0, 1], "texture": "#0"},
				"south": {"uv": [14, 4, 14.5, 5], "texture": "#0"},
				"west": {"uv": [0, 0, 0, 1], "texture": "#0"},
				"up": {"uv": [0.5, 0, 0, 0], "texture": "#0"},
				"down": {"uv": [0.5, 0, 0, 0], "texture": "#0"}
			}
		},
		{
			"from": [9.35355, 3.25, 8.89645],
			"to": [10.35355, 5.25, 8.89645],
			"rotation": {"angle": 22.5, "axis": "y", "origin": [10.25, 4, 9.25]},
			"faces": {
				"north": {"uv": [14, 5, 14.5, 6], "texture": "#0"},
				"east": {"uv": [0, 0, 0, 1], "texture": "#0"},
				"south": {"uv": [14, 6, 14.5, 7], "texture": "#0"},
				"west": {"uv": [0, 0, 0, 1], "texture": "#0"},
				"up": {"uv": [0.5, 0, 0, 0], "texture": "#0"},
				"down": {"uv": [0.5, 0, 0, 0], "texture": "#0"}
			}
		},
		{
			"from": [9.5, 5.75, 9.25],
			"to": [10.5, 7.75, 9.25],
			"rotation": {"angle": 0, "axis": "y", "origin": [10.25, 6, 8.75]},
			"faces": {
				"north": {"uv": [14, 7, 14.5, 8], "texture": "#0"},
				"east": {"uv": [0, 0, 0, 1], "texture": "#0"},
				"south": {"uv": [14, 8, 14.5, 9], "texture": "#0"},
				"west": {"uv": [0, 0, 0, 1], "texture": "#0"},
				"up": {"uv": [0.5, 0, 0, 0], "texture": "#0"},
				"down": {"uv": [0.5, 0, 0, 0], "texture": "#0"}
			}
		},
		{
			"from": [6.5, 25, 9.25],
			"to": [7.5, 27, 9.25],
			"rotation": {"angle": -22.5, "axis": "x", "origin": [7, 26, 9]},
			"faces": {
				"north": {"uv": [9, 14, 9.5, 15], "texture": "#0"},
				"east": {"uv": [0, 0, 0, 1], "texture": "#0"},
				"south": {"uv": [14, 9, 14.5, 10], "texture": "#0"},
				"west": {"uv": [0, 0, 0, 1], "texture": "#0"},
				"up": {"uv": [0.5, 0, 0, 0], "texture": "#0"},
				"down": {"uv": [0.5, 0, 0, 0], "texture": "#0"}
			}
		},
		{
			"from": [6, 23.75, 9.25],
			"to": [7, 25.75, 9.25],
			"rotation": {"angle": 45, "axis": "y", "origin": [7, 26, 9]},
			"faces": {
				"north": {"uv": [9.5, 14, 10, 15], "texture": "#0"},
				"east": {"uv": [0, 0, 0, 1], "texture": "#0"},
				"south": {"uv": [14, 10, 14.5, 11], "texture": "#0"},
				"west": {"uv": [0, 0, 0, 1], "texture": "#0"},
				"up": {"uv": [0.5, 0, 0, 0], "texture": "#0"},
				"down": {"uv": [0.5, 0, 0, 0], "texture": "#0"}
			}
		},
		{
			"from": [6.35355, 21.25, 9.39645],
			"to": [7.35355, 23.25, 9.39645],
			"rotation": {"angle": 22.5, "axis": "y", "origin": [7, 22, 9.5]},
			"faces": {
				"north": {"uv": [11, 14, 11.5, 15], "texture": "#0"},
				"east": {"uv": [0, 0, 0, 1], "texture": "#0"},
				"south": {"uv": [14, 11, 14.5, 12], "texture": "#0"},
				"west": {"uv": [0, 0, 0, 1], "texture": "#0"},
				"up": {"uv": [0.5, 0, 0, 0], "texture": "#0"},
				"down": {"uv": [0.5, 0, 0, 0], "texture": "#0"}
			}
		},
		{
			"from": [6.28033, 22.5, 9.57322],
			"to": [7.28033, 24.5, 9.57322],
			"rotation": {"angle": -22.5, "axis": "y", "origin": [6.75, 23.75, 9.5]},
			"faces": {
				"north": {"uv": [11.5, 14, 12, 15], "texture": "#0"},
				"east": {"uv": [0, 0, 0, 1], "texture": "#0"},
				"south": {"uv": [14, 12, 14.5, 13], "texture": "#0"},
				"west": {"uv": [0, 0, 0, 1], "texture": "#0"},
				"up": {"uv": [0.5, 0, 0, 0], "texture": "#0"},
				"down": {"uv": [0.5, 0, 0, 0], "texture": "#0"}
			}
		},
		{
			"from": [6.64645, 16, 9.14645],
			"to": [6.64645, 18, 10.14645],
			"rotation": {"angle": -22.5, "axis": "y", "origin": [6.75, 16.75, 9.5]},
			"faces": {
				"north": {"uv": [0, 0, 0, 1], "texture": "#0"},
				"east": {"uv": [13, 14, 13.5, 15], "texture": "#0"},
				"south": {"uv": [0, 0, 0, 1], "texture": "#0"},
				"west": {"uv": [14, 13, 14.5, 14], "texture": "#0"},
				"up": {"uv": [0, 0.5, 0, 0], "texture": "#0"},
				"down": {"uv": [0, 0, 0, 0.5], "texture": "#0"}
			}
		},
		{
			"from": [6.03033, 17.25, 9.57322],
			"to": [7.03033, 19.25, 9.57322],
			"rotation": {"angle": 0, "axis": "y", "origin": [6.5, 18.5, 9.5]},
			"faces": {
				"north": {"uv": [13.5, 14, 14, 15], "texture": "#0"},
				"east": {"uv": [0, 0, 0, 1], "texture": "#0"},
				"south": {"uv": [14, 14, 14.5, 15], "texture": "#0"},
				"west": {"uv": [0, 0, 0, 1], "texture": "#0"},
				"up": {"uv": [0.5, 0, 0, 0], "texture": "#0"},
				"down": {"uv": [0.5, 0, 0, 0], "texture": "#0"}
			}
		},
		{
			"from": [6.5, 19.75, 9.5],
			"to": [7.5, 21.75, 9.5],
			"rotation": {"angle": -22.5, "axis": "y", "origin": [7, 20.75, 9]},
			"faces": {
				"north": {"uv": [0, 14.5, 0.5, 15.5], "texture": "#0"},
				"east": {"uv": [0, 0, 0, 1], "texture": "#0"},
				"south": {"uv": [14.5, 0, 15, 1], "texture": "#0"},
				"west": {"uv": [0, 0, 0, 1], "texture": "#0"},
				"up": {"uv": [0.5, 0, 0, 0], "texture": "#0"},
				"down": {"uv": [0.5, 0, 0, 0], "texture": "#0"}
			}
		},
		{
			"from": [7, 18.5, 9],
			"to": [7, 20.5, 10],
			"rotation": {"angle": -22.5, "axis": "y", "origin": [7, 20.75, 9]},
			"faces": {
				"north": {"uv": [0, 0, 0, 1], "texture": "#0"},
				"east": {"uv": [0.5, 14.5, 1, 15.5], "texture": "#0"},
				"south": {"uv": [0, 0, 0, 1], "texture": "#0"},
				"west": {"uv": [1, 14.5, 1.5, 15.5], "texture": "#0"},
				"up": {"uv": [0, 0.5, 0, 0], "texture": "#0"},
				"down": {"uv": [0, 0, 0, 0.5], "texture": "#0"}
			}
		},
		{
			"from": [5.75, 14.75, 9.5],
			"to": [6.75, 16.75, 9.5],
			"rotation": {"angle": 22.5, "axis": "y", "origin": [6.75, 17, 9]},
			"faces": {
				"north": {"uv": [14.5, 1, 15, 2], "texture": "#0"},
				"east": {"uv": [0, 0, 0, 1], "texture": "#0"},
				"south": {"uv": [1.5, 14.5, 2, 15.5], "texture": "#0"},
				"west": {"uv": [0, 0, 0, 1], "texture": "#0"},
				"up": {"uv": [0.5, 0, 0, 0], "texture": "#0"},
				"down": {"uv": [0.5, 0, 0, 0], "texture": "#0"}
			}
		},
		{
			"from": [6.35355, 12.25, 9.39645],
			"to": [7.35355, 14.25, 9.39645],
			"rotation": {"angle": 22.5, "axis": "y", "origin": [6.75, 13, 9.5]},
			"faces": {
				"north": {"uv": [14.5, 2, 15, 3], "texture": "#0"},
				"east": {"uv": [0, 0, 0, 1], "texture": "#0"},
				"south": {"uv": [14.5, 3, 15, 4], "texture": "#0"},
				"west": {"uv": [0, 0, 0, 1], "texture": "#0"},
				"up": {"uv": [0.5, 0, 0, 0], "texture": "#0"},
				"down": {"uv": [0.5, 0, 0, 0], "texture": "#0"}
			}
		},
		{
			"from": [6.03033, 13.5, 9.57322],
			"to": [7.03033, 15.5, 9.57322],
			"rotation": {"angle": -22.5, "axis": "y", "origin": [6.5, 14.75, 9.5]},
			"faces": {
				"north": {"uv": [4, 14.5, 4.5, 15.5], "texture": "#0"},
				"east": {"uv": [0, 0, 0, 1], "texture": "#0"},
				"south": {"uv": [14.5, 4, 15, 5], "texture": "#0"},
				"west": {"uv": [0, 0, 0, 1], "texture": "#0"},
				"up": {"uv": [0.5, 0, 0, 0], "texture": "#0"},
				"down": {"uv": [0.5, 0, 0, 0], "texture": "#0"}
			}
		},
		{
			"from": [6.85355, 7, 9.14645],
			"to": [7.85355, 9, 9.14645],
			"rotation": {"angle": 45, "axis": "y", "origin": [6.5, 7.75, 9.5]},
			"faces": {
				"north": {"uv": [4.5, 14.5, 5, 15.5], "texture": "#0"},
				"east": {"uv": [0, 0, 0, 1], "texture": "#0"},
				"south": {"uv": [5, 14.5, 5.5, 15.5], "texture": "#0"},
				"west": {"uv": [0, 0, 0, 1], "texture": "#0"},
				"up": {"uv": [0.5, 0, 0, 0], "texture": "#0"},
				"down": {"uv": [0.5, 0, 0, 0], "texture": "#0"}
			}
		},
		{
			"from": [6.03033, 8.25, 8.82322],
			"to": [7.03033, 10.25, 8.82322],
			"rotation": {"angle": 0, "axis": "y", "origin": [6.25, 9.5, 9.5]},
			"faces": {
				"north": {"uv": [14.5, 5, 15, 6], "texture": "#0"},
				"east": {"uv": [0, 0, 0, 1], "texture": "#0"},
				"south": {"uv": [5.5, 14.5, 6, 15.5], "texture": "#0"},
				"west": {"uv": [0, 0, 0, 1], "texture": "#0"},
				"up": {"uv": [0.5, 0, 0, 0], "texture": "#0"},
				"down": {"uv": [0.5, 0, 0, 0], "texture": "#0"}
			}
		},
		{
			"from": [6.25, 10.75, 9.25],
			"to": [7.25, 12.75, 9.25],
			"rotation": {"angle": -22.5, "axis": "y", "origin": [6.75, 11.75, 9]},
			"faces": {
				"north": {"uv": [6, 14.5, 6.5, 15.5], "texture": "#0"},
				"east": {"uv": [0, 0, 0, 1], "texture": "#0"},
				"south": {"uv": [14.5, 6, 15, 7], "texture": "#0"},
				"west": {"uv": [0, 0, 0, 1], "texture": "#0"},
				"up": {"uv": [0.5, 0, 0, 0], "texture": "#0"},
				"down": {"uv": [0.5, 0, 0, 0], "texture": "#0"}
			}
		},
		{
			"from": [6.5, 9.5, 8.75],
			"to": [6.5, 11.5, 9.75],
			"rotation": {"angle": -22.5, "axis": "y", "origin": [6.75, 11.75, 9]},
			"faces": {
				"north": {"uv": [0, 0, 0, 1], "texture": "#0"},
				"east": {"uv": [6.5, 14.5, 7, 15.5], "texture": "#0"},
				"south": {"uv": [0, 0, 0, 1], "texture": "#0"},
				"west": {"uv": [7, 14.5, 7.5, 15.5], "texture": "#0"},
				"up": {"uv": [0, 0.5, 0, 0], "texture": "#0"},
				"down": {"uv": [0, 0, 0, 0.5], "texture": "#0"}
			}
		},
		{
			"from": [7.5, 0.5, 7.75],
			"to": [7.5, 2.5, 8.75],
			"rotation": {"angle": -22.5, "axis": "y", "origin": [6.25, 2.75, 8.75]},
			"faces": {
				"north": {"uv": [0, 0, 0, 1], "texture": "#0"},
				"east": {"uv": [14.5, 7, 15, 8], "texture": "#0"},
				"south": {"uv": [0, 0, 0, 1], "texture": "#0"},
				"west": {"uv": [7.5, 14.5, 8, 15.5], "texture": "#0"},
				"up": {"uv": [0, 0.5, 0, 0], "texture": "#0"},
				"down": {"uv": [0, 0, 0, 0.5], "texture": "#0"}
			}
		},
		{
			"from": [7, 1.75, 8.25],
			"to": [8, 3.75, 8.25],
			"rotation": {"angle": -22.5, "axis": "y", "origin": [6.25, 2.75, 8.75]},
			"faces": {
				"north": {"uv": [8, 14.5, 8.5, 15.5], "texture": "#0"},
				"east": {"uv": [0, 0, 0, 1], "texture": "#0"},
				"south": {"uv": [14.5, 8, 15, 9], "texture": "#0"},
				"west": {"uv": [0, 0, 0, 1], "texture": "#0"},
				"up": {"uv": [0.5, 0, 0, 0], "texture": "#0"},
				"down": {"uv": [0.5, 0, 0, 0], "texture": "#0"}
			}
		},
		{
			"from": [7.03033, -0.75, 8.82322],
			"to": [8.03033, 1.25, 8.82322],
			"rotation": {"angle": 22.5, "axis": "x", "origin": [5.75, 0.5, 9.25]},
			"faces": {
				"north": {"uv": [8.5, 14.5, 9, 15.5], "texture": "#0"},
				"east": {"uv": [0, 0, 0, 1], "texture": "#0"},
				"south": {"uv": [14.5, 9, 15, 10], "texture": "#0"},
				"west": {"uv": [0, 0, 0, 1], "texture": "#0"},
				"up": {"uv": [0.5, 0, 0, 0], "texture": "#0"},
				"down": {"uv": [0.5, 0, 0, 0], "texture": "#0"}
			}
		},
		{
			"from": [6.53033, 4.5, 8.32322],
			"to": [7.53033, 6.5, 8.32322],
			"rotation": {"angle": -22.5, "axis": "y", "origin": [6, 5.75, 9.25]},
			"faces": {
				"north": {"uv": [10, 14.5, 10.5, 15.5], "texture": "#0"},
				"east": {"uv": [0, 0, 0, 1], "texture": "#0"},
				"south": {"uv": [14.5, 10, 15, 11], "texture": "#0"},
				"west": {"uv": [0, 0, 0, 1], "texture": "#0"},
				"up": {"uv": [0.5, 0, 0, 0], "texture": "#0"},
				"down": {"uv": [0.5, 0, 0, 0], "texture": "#0"}
			}
		},
		{
			"from": [7.10355, 3.25, 9.39645],
			"to": [8.10355, 5.25, 9.39645],
			"rotation": {"angle": 22.5, "axis": "y", "origin": [6.25, 4, 9.25]},
			"faces": {
				"north": {"uv": [10.5, 14.5, 11, 15.5], "texture": "#0"},
				"east": {"uv": [0, 0, 0, 1], "texture": "#0"},
				"south": {"uv": [14.5, 11, 15, 12], "texture": "#0"},
				"west": {"uv": [0, 0, 0, 1], "texture": "#0"},
				"up": {"uv": [0.5, 0, 0, 0], "texture": "#0"},
				"down": {"uv": [0.5, 0, 0, 0], "texture": "#0"}
			}
		},
		{
			"from": [6.5, 5.75, 8.75],
			"to": [7.5, 7.75, 8.75],
			"rotation": {"angle": 0, "axis": "y", "origin": [6.25, 6, 8.75]},
			"faces": {
				"north": {"uv": [12, 14.5, 12.5, 15.5], "texture": "#0"},
				"east": {"uv": [0, 0, 0, 1], "texture": "#0"},
				"south": {"uv": [14.5, 12, 15, 13], "texture": "#0"},
				"west": {"uv": [0, 0, 0, 1], "texture": "#0"},
				"up": {"uv": [0.5, 0, 0, 0], "texture": "#0"},
				"down": {"uv": [0.5, 0, 0, 0], "texture": "#0"}
			}
		},
		{
			"from": [8, 0, 7.5],
			"to": [9, 29, 8.5],
			"faces": {
				"north": {"uv": [0, 0, 0.5, 14.5], "texture": "#0"},
				"east": {"uv": [0.5, 0, 1, 14.5], "texture": "#0"},
				"south": {"uv": [1, 0, 1.5, 14.5], "texture": "#0"},
				"west": {"uv": [1.5, 0, 2, 14.5], "texture": "#0"},
				"up": {"uv": [15.5, 2, 15, 1.5], "texture": "#0"},
				"down": {"uv": [2.5, 15, 2, 15.5], "texture": "#0"}
			}
		}
	],
	"display": {
		"thirdperson_righthand": {
			"rotation": [0, 90, 0],
			"translation": [0, -0.25, 1.75],
			"scale": [1.5, 1.5, 1]
		},
		"thirdperson_lefthand": {
			"rotation": [0, -90, 0],
			"translation": [0, 0.5, 1.75],
			"scale": [1.5, 1.5, 1]
		},
		"firstperson_righthand": {
			"rotation": [0, 90, 0],
			"translation": [1.25, -2.5, -3.75]
		},
		"firstperson_lefthand": {
			"rotation": [0, -90, 0],
			"translation": [1, -3.5, -3.75]
		},
		"ground": {
			"rotation": [90, 0, 0],
			"translation": [0, 0, -8]
		},
		"gui": {
			"rotation": [0, 0, 45],
			"translation": [5.5, -6.5, 0]
		},
		"fixed": {
			"rotation": [0, 0, 45],
			"translation": [5.5, -7, 0]
		}
	},
	"groups": [
		{
			"name": "Barrigans Axe",
			"origin": [8, 8, 8],
			"color": 0,
			"children": [
				{
					"name": "Head",
					"origin": [0, 0, 0],
					"color": 0,
					"children": [
						0,
						1,
						2,
						3,
						4,
						5,
						6,
						7,
						8,
						9,
						10,
						{
							"name": "chain 1",
							"origin": [10.75, 23.75, 6.5],
							"color": 0,
							"children": [11, 12, 13, 14, 15, 16, 17, 18, 19, 20, 21, 22, 23, 24, 25, 26, 27, 28, 29, 30, 31, 32, 33, 34, 35, 36]
						},
						{
							"name": "chain 2",
							"origin": [10.75, 23.75, 6.5],
							"color": 0,
							"children": [37, 38, 39, 40, 41, 42, 43, 44, 45, 46, 47, 48, 49, 50, 51, 52, 53, 54, 55, 56, 57]
						},
						{
							"name": "chain 4",
							"origin": [10.75, 23.75, 6.5],
							"color": 0,
							"children": [58, 59, 60, 61, 62, 63, 64, 65, 66, 67, 68, 69, 70, 71, 72, 73, 74, 75, 76, 77, 78]
						},
						{
							"name": "chain 3",
							"origin": [10.75, 23.75, 6.5],
							"color": 0,
							"children": [79, 80, 81, 82, 83, 84, 85, 86, 87, 88, 89, 90, 91, 92, 93, 94, 95, 96, 97, 98, 99]
						}
					]
				},
				{
					"name": "handle",
					"origin": [0, 0, 0],
					"color": 0,
					"children": [100]
				}
			]
		}
	]
}