{
	"credit": "Made with Blockbench",
	"texture_size": [32, 32],
	"textures": {
		"0": "ironaxe",
		"particle": "ironaxe"
	},
	"elements": [
		{
			"from": [5.5, 22.5, 7],
			"to": [11.5, 25.5, 9],
			"faces": {
				"north": {"uv": [3, 0, 6, 1.5], "texture": "#0"},
				"east": {"uv": [7, 2, 8, 3.5], "texture": "#0"},
				"south": {"uv": [3, 1.5, 6, 3], "texture": "#0"},
				"west": {"uv": [3, 7, 4, 8.5], "texture": "#0"},
				"up": {"uv": [6, 4, 3, 3], "texture": "#0"},
				"down": {"uv": [6, 4, 3, 5], "texture": "#0"}
			}
		},
		{
			"from": [11.5, 21.5, 7],
			"to": [14.5, 25.5, 9],
			"faces": {
				"north": {"uv": [3, 5, 4.5, 7], "texture": "#0"},
				"east": {"uv": [6, 5, 7, 7], "texture": "#0"},
				"south": {"uv": [4.5, 5, 6, 7], "texture": "#0"},
				"west": {"uv": [7, 0, 8, 2], "texture": "#0"},
				"up": {"uv": [8.5, 4.5, 7, 3.5], "texture": "#0"},
				"down": {"uv": [5.5, 7, 4, 8], "texture": "#0"}
			}
		},
		{
			"from": [12.5, 20.5, 7],
			"to": [14.5, 21.5, 9],
			"faces": {
				"north": {"uv": [7.5, 4.5, 8.5, 5], "texture": "#0"},
				"east": {"uv": [7.5, 5, 8.5, 5.5], "texture": "#0"},
				"south": {"uv": [7.5, 5.5, 8.5, 6], "texture": "#0"},
				"west": {"uv": [7.5, 6, 8.5, 6.5], "texture": "#0"},
				"up": {"uv": [7, 8, 6, 7], "texture": "#0"},
				"down": {"uv": [8, 7, 7, 8], "texture": "#0"}
			}
		},
		{
			"from": [7.5, 5.75, 7.5],
			"to": [9.5, 25.75, 8.5],
			"faces": {
				"north": {"uv": [0, 0, 1, 10], "texture": "#0"},
				"east": {"uv": [2, 0, 2.5, 10], "texture": "#0"},
				"south": {"uv": [1, 0, 2, 10], "texture": "#0"},
				"west": {"uv": [2.5, 0, 3, 10], "texture": "#0"},
				"up": {"uv": [8.5, 7, 7.5, 6.5], "texture": "#0"},
				"down": {"uv": [9, 0, 8, 0.5], "texture": "#0"}
			}
		},
		{
			"from": [8, 1, 7.5],
			"to": [10, 6, 8.5],
			"faces": {
				"north": {"uv": [6, 0, 7, 2.5], "texture": "#0"},
				"east": {"uv": [7, 4.5, 7.5, 7], "texture": "#0"},
				"south": {"uv": [6, 2.5, 7, 5], "texture": "#0"},
				"west": {"uv": [5.5, 7, 6, 9.5], "texture": "#0"},
				"up": {"uv": [9, 1, 8, 0.5], "texture": "#0"},
				"down": {"uv": [9, 1, 8, 1.5], "texture": "#0"}
			}
		}
	],
	"display": {
		"thirdperson_righthand": {
			"rotation": [0, 90, 0],
			"translation": [0, -3, 1.75]
		},
		"thirdperson_lefthand": {
			"rotation": [0, -90, 0],
			"translation": [0, 0.5, 1.75]
		},
		"firstperson_righthand": {
			"rotation": [0, 90, 0],
			"translation": [1.25, -2, 0]
		},
		"firstperson_lefthand": {
			"rotation": [0, -90, 0],
			"translation": [1, -3, 0]
		},
		"ground": {
			"rotation": [90, 0, 0],
			"translation": [0, 0, -5.25]
		},
		"gui": {
			"rotation": [0, 0, 45],
			"translation": [3.75, -5.25, 0]
		},
		"fixed": {
			"rotation": [0, 0, 45],
			"translation": [3, -5, 0]
		}
	},
	"groups": [
		{
			"name": "Axe",
			"origin": [8, 8, 8],
			"color": 0,
			"children": [
				{
					"name": "Head",
					"origin": [0, 0, 0],
					"color": 0,
					"children": [0, 1, 2]
				},
				{
					"name": "handle",
					"origin": [0, 0, 0],
					"color": 0,
					"children": [3, 4]
				}
			]
		}
	]
}