{
	"credit": "Made with Blockbench",
	"texture_size": [64, 64],
	"textures": {
		"0": "arkofthecosmos",
		"particle": "arkofthecosmos"
	},
	"elements": [
		{
			"from": [5, -13, 6.25],
			"to": [6, -12, 7.25],
			"faces": {
				"north": {"uv": [6.25, 5.75, 6.5, 6], "texture": "#0"},
				"east": {"uv": [6.75, 5, 7, 5.25], "texture": "#0"},
				"south": {"uv": [7.25, 4.25, 7.5, 4.5], "texture": "#0"},
				"west": {"uv": [7.5, 4.75, 7.75, 5], "texture": "#0"},
				"up": {"uv": [8, 2.75, 7.75, 2.5], "texture": "#0"},
				"down": {"uv": [9.25, 0.25, 9, 0.5], "texture": "#0"}
			}
		},
		{
			"from": [4.5, -12.75, 6.5],
			"to": [6.5, -8.75, 7.5],
			"faces": {
				"north": {"uv": [5.5, 2.25, 6, 3.25], "texture": "#0"},
				"east": {"uv": [0.75, 7, 1, 8], "texture": "#0"},
				"south": {"uv": [4, 5.5, 4.5, 6.5], "texture": "#0"},
				"west": {"uv": [7.25, 3.25, 7.5, 4.25], "texture": "#0"},
				"up": {"uv": [6.75, 2.25, 6.25, 2], "texture": "#0"},
				"down": {"uv": [9, 0.25, 8.5, 0.5], "texture": "#0"}
			}
		},
		{
			"from": [5, -13, 6.75],
			"to": [6, -12, 7.75],
			"faces": {
				"north": {"uv": [0.75, 9, 1, 9.25], "texture": "#0"},
				"east": {"uv": [1, 9, 1.25, 9.25], "texture": "#0"},
				"south": {"uv": [9, 1, 9.25, 1.25], "texture": "#0"},
				"west": {"uv": [9, 1.25, 9.25, 1.5], "texture": "#0"},
				"up": {"uv": [9.25, 1.75, 9, 1.5], "texture": "#0"},
				"down": {"uv": [9.25, 1.75, 9, 2], "texture": "#0"}
			}
		},
		{
			"from": [5.5, -8.75, 6.5],
			"to": [6.5, -6.75, 7.5],
			"faces": {
				"north": {"uv": [1.75, 6.25, 2, 6.75], "texture": "#0"},
				"east": {"uv": [0.5, 7.5, 0.75, 8], "texture": "#0"},
				"south": {"uv": [6.75, 8.25, 7, 8.75], "texture": "#0"},
				"west": {"uv": [8.5, 0.5, 8.75, 1], "texture": "#0"},
				"up": {"uv": [9.25, 2.25, 9, 2], "texture": "#0"},
				"down": {"uv": [9.25, 2.25, 9, 2.5], "texture": "#0"}
			}
		},
		{
			"from": [4.5, -6.75, 6.5],
			"to": [6.5, -4.75, 7.5],
			"faces": {
				"north": {"uv": [4, 7.25, 4.5, 7.75], "texture": "#0"},
				"east": {"uv": [0.75, 8.5, 1, 9], "texture": "#0"},
				"south": {"uv": [4.5, 7.25, 5, 7.75], "texture": "#0"},
				"west": {"uv": [1, 8.5, 1.25, 9], "texture": "#0"},
				"up": {"uv": [9, 1.25, 8.5, 1], "texture": "#0"},
				"down": {"uv": [1.75, 8.5, 1.25, 8.75], "texture": "#0"}
			}
		},
		{
			"from": [8, -16, 6],
			"to": [10, -14, 8],
			"faces": {
				"north": {"uv": [6.5, 7.25, 7, 7.75], "texture": "#0"},
				"east": {"uv": [0, 7.5, 0.5, 8], "texture": "#0"},
				"south": {"uv": [7.5, 0, 8, 0.5], "texture": "#0"},
				"west": {"uv": [7.5, 0.5, 8, 1], "texture": "#0"},
				"up": {"uv": [1.5, 8, 1, 7.5], "texture": "#0"},
				"down": {"uv": [8, 1, 7.5, 1.5], "texture": "#0"}
			}
		},
		{
			"from": [7.5, -13.5, 6.5],
			"to": [10.5, -10.5, 7.5],
			"faces": {
				"north": {"uv": [5, 3.75, 5.75, 4.5], "texture": "#0"},
				"east": {"uv": [7.5, 8, 7.75, 8.75], "texture": "#0"},
				"south": {"uv": [5, 4.5, 5.75, 5.25], "texture": "#0"},
				"west": {"uv": [8, 7.5, 8.25, 8.25], "texture": "#0"},
				"up": {"uv": [9, 1.75, 8.25, 1.5], "texture": "#0"},
				"down": {"uv": [9, 1.75, 8.25, 2], "texture": "#0"}
			}
		},
		{
			"from": [8, -10.5, 6.5],
			"to": [10, -3.5, 7.5],
			"faces": {
				"north": {"uv": [3, 0, 3.5, 1.75], "texture": "#0"},
				"east": {"uv": [4.5, 5.5, 4.75, 7.25], "texture": "#0"},
				"south": {"uv": [3.5, 0, 4, 1.75], "texture": "#0"},
				"west": {"uv": [4.75, 5.5, 5, 7.25], "texture": "#0"},
				"up": {"uv": [9, 1.5, 8.5, 1.25], "texture": "#0"},
				"down": {"uv": [2.25, 8.5, 1.75, 8.75], "texture": "#0"}
			}
		},
		{
			"from": [7.5, -15.5, 6.5],
			"to": [10.5, -12.5, 7.5],
			"faces": {
				"north": {"uv": [5, 5.25, 5.75, 6], "texture": "#0"},
				"east": {"uv": [7.75, 8, 8, 8.75], "texture": "#0"},
				"south": {"uv": [5.5, 0, 6.25, 0.75], "texture": "#0"},
				"west": {"uv": [3.5, 8.25, 3.75, 9], "texture": "#0"},
				"up": {"uv": [9, 2.25, 8.25, 2], "texture": "#0"},
				"down": {"uv": [9, 2.25, 8.25, 2.5], "texture": "#0"}
			}
		},
		{
			"from": [9.5, -5.75, 6.5],
			"to": [10.5, -2.75, 7.5],
			"faces": {
				"north": {"uv": [3.75, 8.25, 4, 9], "texture": "#0"},
				"east": {"uv": [4, 8.25, 4.25, 9], "texture": "#0"},
				"south": {"uv": [4.25, 8.25, 4.5, 9], "texture": "#0"},
				"west": {"uv": [4.5, 8.25, 4.75, 9], "texture": "#0"},
				"up": {"uv": [9.25, 2.75, 9, 2.5], "texture": "#0"},
				"down": {"uv": [3, 9, 2.75, 9.25], "texture": "#0"}
			}
		},
		{
			"from": [9, -3, 5.75],
			"to": [10, -2, 6.75],
			"faces": {
				"north": {"uv": [9, 2.75, 9.25, 3], "texture": "#0"},
				"east": {"uv": [3, 9, 3.25, 9.25], "texture": "#0"},
				"south": {"uv": [9, 3, 9.25, 3.25], "texture": "#0"},
				"west": {"uv": [3.25, 9, 3.5, 9.25], "texture": "#0"},
				"up": {"uv": [9.25, 3.5, 9, 3.25], "texture": "#0"},
				"down": {"uv": [3.75, 9, 3.5, 9.25], "texture": "#0"}
			}
		},
		{
			"from": [3.75, -1, 5.75],
			"to": [4.75, 0, 6.75],
			"faces": {
				"north": {"uv": [9, 3.5, 9.25, 3.75], "texture": "#0"},
				"east": {"uv": [3.75, 9, 4, 9.25], "texture": "#0"},
				"south": {"uv": [9, 3.75, 9.25, 4], "texture": "#0"},
				"west": {"uv": [4, 9, 4.25, 9.25], "texture": "#0"},
				"up": {"uv": [9.25, 4.25, 9, 4], "texture": "#0"},
				"down": {"uv": [4.5, 9, 4.25, 9.25], "texture": "#0"}
			}
		},
		{
			"from": [3, -2, 5.75],
			"to": [4, -1, 6.75],
			"faces": {
				"north": {"uv": [9, 4.25, 9.25, 4.5], "texture": "#0"},
				"east": {"uv": [4.5, 9, 4.75, 9.25], "texture": "#0"},
				"south": {"uv": [9, 4.5, 9.25, 4.75], "texture": "#0"},
				"west": {"uv": [4.75, 9, 5, 9.25], "texture": "#0"},
				"up": {"uv": [9.25, 5, 9, 4.75], "texture": "#0"},
				"down": {"uv": [5.25, 9, 5, 9.25], "texture": "#0"}
			}
		},
		{
			"from": [7, -3.5, 6],
			"to": [10, -0.5, 8],
			"faces": {
				"north": {"uv": [5.5, 0.75, 6.25, 1.5], "texture": "#0"},
				"east": {"uv": [3, 1.75, 3.5, 2.5], "texture": "#0"},
				"south": {"uv": [5.5, 1.5, 6.25, 2.25], "texture": "#0"},
				"west": {"uv": [5.75, 5.25, 6.25, 6], "texture": "#0"},
				"up": {"uv": [6.75, 2.75, 6, 2.25], "texture": "#0"},
				"down": {"uv": [6.75, 2.75, 6, 3.25], "texture": "#0"}
			}
		},
		{
			"from": [5, -0.5, 6],
			"to": [9, 4.5, 8],
			"faces": {
				"north": {"uv": [2, 0, 3, 1.25], "texture": "#0"},
				"east": {"uv": [5, 0, 5.5, 1.25], "texture": "#0"},
				"south": {"uv": [2, 1.25, 3, 2.5], "texture": "#0"},
				"west": {"uv": [5, 1.25, 5.5, 2.5], "texture": "#0"},
				"up": {"uv": [6.5, 3.75, 5.5, 3.25], "texture": "#0"},
				"down": {"uv": [6.75, 3.75, 5.75, 4.25], "texture": "#0"}
			}
		},
		{
			"from": [4, -4.75, 6],
			"to": [7, 0.25, 8],
			"faces": {
				"north": {"uv": [2, 2.5, 2.75, 3.75], "texture": "#0"},
				"east": {"uv": [5, 2.5, 5.5, 3.75], "texture": "#0"},
				"south": {"uv": [2.75, 2.5, 3.5, 3.75], "texture": "#0"},
				"west": {"uv": [3.5, 5, 4, 6.25], "texture": "#0"},
				"up": {"uv": [5.75, 6.5, 5, 6], "texture": "#0"},
				"down": {"uv": [6.5, 6, 5.75, 6.5], "texture": "#0"}
			}
		},
		{
			"from": [2, -3.75, 6],
			"to": [4, -0.75, 8],
			"faces": {
				"north": {"uv": [0, 6.25, 0.5, 7], "texture": "#0"},
				"east": {"uv": [6.25, 0, 6.75, 0.75], "texture": "#0"},
				"south": {"uv": [0.5, 6.25, 1, 7], "texture": "#0"},
				"west": {"uv": [6.25, 0.75, 6.75, 1.5], "texture": "#0"},
				"up": {"uv": [2, 8, 1.5, 7.5], "texture": "#0"},
				"down": {"uv": [2.5, 7.5, 2, 8], "texture": "#0"}
			}
		},
		{
			"from": [1, -4.75, 6],
			"to": [3, -2.75, 8],
			"faces": {
				"north": {"uv": [2.5, 7.5, 3, 8], "texture": "#0"},
				"east": {"uv": [7.5, 2.75, 8, 3.25], "texture": "#0"},
				"south": {"uv": [3, 7.5, 3.5, 8], "texture": "#0"},
				"west": {"uv": [7.5, 3.25, 8, 3.75], "texture": "#0"},
				"up": {"uv": [8, 4.25, 7.5, 3.75], "texture": "#0"},
				"down": {"uv": [8, 4.25, 7.5, 4.75], "texture": "#0"}
			}
		},
		{
			"from": [-1, -5.75, 6],
			"to": [2, -3.75, 8],
			"faces": {
				"north": {"uv": [1, 6.25, 1.75, 6.75], "texture": "#0"},
				"east": {"uv": [5, 7.5, 5.5, 8], "texture": "#0"},
				"south": {"uv": [6.25, 1.5, 7, 2], "texture": "#0"},
				"west": {"uv": [5.5, 7.5, 6, 8], "texture": "#0"},
				"up": {"uv": [7, 5.75, 6.25, 5.25], "texture": "#0"},
				"down": {"uv": [7.25, 3.25, 6.5, 3.75], "texture": "#0"}
			}
		},
		{
			"from": [-1, -7.75, 6],
			"to": [1, -5.75, 8],
			"faces": {
				"north": {"uv": [6, 7.5, 6.5, 8], "texture": "#0"},
				"east": {"uv": [7, 7.5, 7.5, 8], "texture": "#0"},
				"south": {"uv": [7.5, 7.5, 8, 8], "texture": "#0"},
				"west": {"uv": [7.75, 1.5, 8.25, 2], "texture": "#0"},
				"up": {"uv": [8.25, 2.5, 7.75, 2], "texture": "#0"},
				"down": {"uv": [4, 7.75, 3.5, 8.25], "texture": "#0"}
			}
		},
		{
			"from": [0, -8.75, 6],
			"to": [1, -7.75, 8],
			"faces": {
				"north": {"uv": [9, 5, 9.25, 5.25], "texture": "#0"},
				"east": {"uv": [2.25, 8.5, 2.75, 8.75], "texture": "#0"},
				"south": {"uv": [5.25, 9, 5.5, 9.25], "texture": "#0"},
				"west": {"uv": [8.5, 2.5, 9, 2.75], "texture": "#0"},
				"up": {"uv": [3, 9, 2.75, 8.5], "texture": "#0"},
				"down": {"uv": [8.75, 2.75, 8.5, 3.25], "texture": "#0"}
			}
		},
		{
			"from": [4, 2.5, 6],
			"to": [5, 4.5, 8],
			"faces": {
				"north": {"uv": [3, 8.5, 3.25, 9], "texture": "#0"},
				"east": {"uv": [4, 7.75, 4.5, 8.25], "texture": "#0"},
				"south": {"uv": [3.25, 8.5, 3.5, 9], "texture": "#0"},
				"west": {"uv": [4.5, 7.75, 5, 8.25], "texture": "#0"},
				"up": {"uv": [8.75, 3.75, 8.5, 3.25], "texture": "#0"},
				"down": {"uv": [8.75, 3.75, 8.5, 4.25], "texture": "#0"}
			}
		},
		{
			"from": [3, 0.5, 6],
			"to": [4, 3.5, 8],
			"faces": {
				"north": {"uv": [4.75, 8.25, 5, 9], "texture": "#0"},
				"east": {"uv": [3.5, 6.25, 4, 7], "texture": "#0"},
				"south": {"uv": [8.25, 4.75, 8.5, 5.5], "texture": "#0"},
				"west": {"uv": [4, 6.5, 4.5, 7.25], "texture": "#0"},
				"up": {"uv": [8.75, 5.25, 8.5, 4.75], "texture": "#0"},
				"down": {"uv": [5.25, 8.5, 5, 9], "texture": "#0"}
			}
		},
		{
			"from": [0, 0.5, 6],
			"to": [3, 1.5, 8],
			"faces": {
				"north": {"uv": [8.25, 5.5, 9, 5.75], "texture": "#0"},
				"east": {"uv": [8.5, 4.25, 9, 4.5], "texture": "#0"},
				"south": {"uv": [8.25, 5.75, 9, 6], "texture": "#0"},
				"west": {"uv": [5.25, 8.5, 5.75, 8.75], "texture": "#0"},
				"up": {"uv": [5.75, 7, 5, 6.5], "texture": "#0"},
				"down": {"uv": [6.5, 6.5, 5.75, 7], "texture": "#0"}
			}
		},
		{
			"from": [-1, 0.5, 6],
			"to": [0, 2.5, 8],
			"faces": {
				"north": {"uv": [5.75, 8.5, 6, 9], "texture": "#0"},
				"east": {"uv": [7.75, 4.75, 8.25, 5.25], "texture": "#0"},
				"south": {"uv": [6, 8.5, 6.25, 9], "texture": "#0"},
				"west": {"uv": [7.75, 5.25, 8.25, 5.75], "texture": "#0"},
				"up": {"uv": [8.75, 6.5, 8.5, 6], "texture": "#0"},
				"down": {"uv": [6.5, 8.5, 6.25, 9], "texture": "#0"}
			}
		},
		{
			"from": [10, 0.5, 6],
			"to": [11, 3.5, 8],
			"faces": {
				"north": {"uv": [8.25, 6, 8.5, 6.75], "texture": "#0"},
				"east": {"uv": [6.5, 5.75, 7, 6.5], "texture": "#0"},
				"south": {"uv": [6.5, 8.25, 6.75, 9], "texture": "#0"},
				"west": {"uv": [6.5, 6.5, 7, 7.25], "texture": "#0"},
				"up": {"uv": [7.25, 9, 7, 8.5], "texture": "#0"},
				"down": {"uv": [7.5, 8.5, 7.25, 9], "texture": "#0"}
			}
		},
		{
			"from": [11, 0.5, 6],
			"to": [14, 1.5, 8],
			"faces": {
				"north": {"uv": [8.25, 6.75, 9, 7], "texture": "#0"},
				"east": {"uv": [8.5, 5.25, 9, 5.5], "texture": "#0"},
				"south": {"uv": [8.25, 7, 9, 7.25], "texture": "#0"},
				"west": {"uv": [8.5, 6.5, 9, 6.75], "texture": "#0"},
				"up": {"uv": [7.5, 0.5, 6.75, 0], "texture": "#0"},
				"down": {"uv": [7.5, 0.5, 6.75, 1], "texture": "#0"}
			}
		},
		{
			"from": [14, 0.5, 6],
			"to": [15, 2.5, 8],
			"faces": {
				"north": {"uv": [8, 8.5, 8.25, 9], "texture": "#0"},
				"east": {"uv": [7.75, 5.75, 8.25, 6.25], "texture": "#0"},
				"south": {"uv": [8.25, 8.5, 8.5, 9], "texture": "#0"},
				"west": {"uv": [7.75, 6.25, 8.25, 6.75], "texture": "#0"},
				"up": {"uv": [8.75, 9, 8.5, 8.5], "texture": "#0"},
				"down": {"uv": [0.25, 8.75, 0, 9.25], "texture": "#0"}
			}
		},
		{
			"from": [12, -0.5, 6],
			"to": [13, 0.5, 8],
			"faces": {
				"north": {"uv": [9, 5.25, 9.25, 5.5], "texture": "#0"},
				"east": {"uv": [0.25, 8.75, 0.75, 9], "texture": "#0"},
				"south": {"uv": [5.5, 9, 5.75, 9.25], "texture": "#0"},
				"west": {"uv": [8.75, 0.5, 9.25, 0.75], "texture": "#0"},
				"up": {"uv": [1.5, 9.25, 1.25, 8.75], "texture": "#0"},
				"down": {"uv": [1.75, 8.75, 1.5, 9.25], "texture": "#0"}
			}
		},
		{
			"from": [9, 2.5, 6],
			"to": [10, 4.5, 8],
			"faces": {
				"north": {"uv": [1.75, 8.75, 2, 9.25], "texture": "#0"},
				"east": {"uv": [6.5, 7.75, 7, 8.25], "texture": "#0"},
				"south": {"uv": [2, 8.75, 2.25, 9.25], "texture": "#0"},
				"west": {"uv": [7.75, 6.75, 8.25, 7.25], "texture": "#0"},
				"up": {"uv": [2.5, 9.25, 2.25, 8.75], "texture": "#0"},
				"down": {"uv": [2.75, 8.75, 2.5, 9.25], "texture": "#0"}
			}
		},
		{
			"from": [10, -3.75, 6],
			"to": [12, -0.75, 8],
			"faces": {
				"north": {"uv": [1, 6.75, 1.5, 7.5], "texture": "#0"},
				"east": {"uv": [1.5, 6.75, 2, 7.5], "texture": "#0"},
				"south": {"uv": [6.75, 2, 7.25, 2.75], "texture": "#0"},
				"west": {"uv": [6.75, 3.75, 7.25, 4.5], "texture": "#0"},
				"up": {"uv": [0.5, 8.5, 0, 8], "texture": "#0"},
				"down": {"uv": [8.5, 0, 8, 0.5], "texture": "#0"}
			}
		},
		{
			"from": [11, -3.75, 6],
			"to": [14, -1.75, 8],
			"faces": {
				"north": {"uv": [6.75, 1, 7.5, 1.5], "texture": "#0"},
				"east": {"uv": [0.5, 8, 1, 8.5], "texture": "#0"},
				"south": {"uv": [6.75, 2.75, 7.5, 3.25], "texture": "#0"},
				"west": {"uv": [8, 0.5, 8.5, 1], "texture": "#0"},
				"up": {"uv": [7.5, 5, 6.75, 4.5], "texture": "#0"},
				"down": {"uv": [0.75, 7, 0, 7.5], "texture": "#0"}
			}
		},
		{
			"from": [14, -5.75, 6],
			"to": [17, -3.75, 8],
			"faces": {
				"north": {"uv": [7, 1.5, 7.75, 2], "texture": "#0"},
				"east": {"uv": [1, 8, 1.5, 8.5], "texture": "#0"},
				"south": {"uv": [2, 7, 2.75, 7.5], "texture": "#0"},
				"west": {"uv": [8, 1, 8.5, 1.5], "texture": "#0"},
				"up": {"uv": [3.5, 7.5, 2.75, 7], "texture": "#0"},
				"down": {"uv": [5.75, 7, 5, 7.5], "texture": "#0"}
			}
		},
		{
			"from": [13, -4.75, 6],
			"to": [16, -2.75, 8],
			"faces": {
				"north": {"uv": [7, 5, 7.75, 5.5], "texture": "#0"},
				"east": {"uv": [1.5, 8, 2, 8.5], "texture": "#0"},
				"south": {"uv": [7, 5.5, 7.75, 6], "texture": "#0"},
				"west": {"uv": [2, 8, 2.5, 8.5], "texture": "#0"},
				"up": {"uv": [6.5, 7.5, 5.75, 7], "texture": "#0"},
				"down": {"uv": [7.75, 6, 7, 6.5], "texture": "#0"}
			}
		},
		{
			"from": [14, -7.75, 6],
			"to": [16, -5.75, 8],
			"faces": {
				"north": {"uv": [2.5, 8, 3, 8.5], "texture": "#0"},
				"east": {"uv": [8, 2.5, 8.5, 3], "texture": "#0"},
				"south": {"uv": [3, 8, 3.5, 8.5], "texture": "#0"},
				"west": {"uv": [8, 3, 8.5, 3.5], "texture": "#0"},
				"up": {"uv": [8.5, 4, 8, 3.5], "texture": "#0"},
				"down": {"uv": [8.5, 4, 8, 4.5], "texture": "#0"}
			}
		},
		{
			"from": [15, -9.75, 6],
			"to": [16, -7.75, 8],
			"faces": {
				"north": {"uv": [8.75, 2.75, 9, 3.25], "texture": "#0"},
				"east": {"uv": [5, 8, 5.5, 8.5], "texture": "#0"},
				"south": {"uv": [8.75, 3.25, 9, 3.75], "texture": "#0"},
				"west": {"uv": [5.5, 8, 6, 8.5], "texture": "#0"},
				"up": {"uv": [9, 4.25, 8.75, 3.75], "texture": "#0"},
				"down": {"uv": [9, 4.75, 8.75, 5.25], "texture": "#0"}
			}
		},
		{
			"from": [16, -6.75, 6],
			"to": [17, -5.75, 8],
			"faces": {
				"north": {"uv": [9, 5.5, 9.25, 5.75], "texture": "#0"},
				"east": {"uv": [8.75, 0.75, 9.25, 1], "texture": "#0"},
				"south": {"uv": [5.75, 9, 6, 9.25], "texture": "#0"},
				"west": {"uv": [5.25, 8.75, 5.75, 9], "texture": "#0"},
				"up": {"uv": [9, 6.5, 8.75, 6], "texture": "#0"},
				"down": {"uv": [7, 8.75, 6.75, 9.25], "texture": "#0"}
			}
		},
		{
			"from": [16, -9.75, 6],
			"to": [17, -8.75, 8],
			"faces": {
				"north": {"uv": [9, 5.75, 9.25, 6], "texture": "#0"},
				"east": {"uv": [8.75, 7.25, 9.25, 7.5], "texture": "#0"},
				"south": {"uv": [6, 9, 6.25, 9.25], "texture": "#0"},
				"west": {"uv": [7.5, 8.75, 8, 9], "texture": "#0"},
				"up": {"uv": [9, 8.75, 8.75, 8.25], "texture": "#0"},
				"down": {"uv": [9, 8.75, 8.75, 9.25], "texture": "#0"}
			}
		},
		{
			"from": [6, 1.5, 5.5],
			"to": [8, 3.5, 8.5],
			"faces": {
				"north": {"uv": [6, 8, 6.5, 8.5], "texture": "#0"},
				"east": {"uv": [7, 6.5, 7.75, 7], "texture": "#0"},
				"south": {"uv": [7, 8, 7.5, 8.5], "texture": "#0"},
				"west": {"uv": [7, 7, 7.75, 7.5], "texture": "#0"},
				"up": {"uv": [4, 7.75, 3.5, 7], "texture": "#0"},
				"down": {"uv": [7.75, 2, 7.25, 2.75], "texture": "#0"}
			}
		},
		{
			"from": [5.5, 3, 6.5],
			"to": [8.5, 28.5, 7.5],
			"faces": {
				"north": {"uv": [0, 0, 0.75, 6.25], "texture": "#0"},
				"east": {"uv": [1.5, 0, 1.75, 6.25], "texture": "#0"},
				"south": {"uv": [0.75, 0, 1.5, 6.25], "texture": "#0"},
				"west": {"uv": [1.75, 0, 2, 6.25], "texture": "#0"},
				"up": {"uv": [9, 7.75, 8.25, 7.5], "texture": "#0"},
				"down": {"uv": [9, 7.75, 8.25, 8], "texture": "#0"}
			}
		},
		{
			"from": [4.9, 28.5, 6.5],
			"to": [8.9, 30, 7.5],
			"faces": {
				"north": {"uv": [5.75, 4.25, 6.75, 4.75], "texture": "#0"},
				"east": {"uv": [0.25, 9, 0.5, 9.5], "texture": "#0"},
				"south": {"uv": [5.75, 4.75, 6.75, 5.25], "texture": "#0"},
				"west": {"uv": [0.5, 9, 0.75, 9.5], "texture": "#0"},
				"up": {"uv": [8.75, 7.5, 7.75, 7.25], "texture": "#0"},
				"down": {"uv": [9, 4.5, 8, 4.75], "texture": "#0"}
			}
		},
		{
			"from": [5.4, 30, 6.5],
			"to": [8.4, 31, 7.5],
			"faces": {
				"north": {"uv": [8, 8.25, 8.75, 8.5], "texture": "#0"},
				"east": {"uv": [9, 6, 9.25, 6.25], "texture": "#0"},
				"south": {"uv": [8.25, 8, 9, 8.25], "texture": "#0"},
				"west": {"uv": [6.25, 9, 6.5, 9.25], "texture": "#0"},
				"up": {"uv": [0.75, 8.75, 0, 8.5], "texture": "#0"},
				"down": {"uv": [9.25, 0, 8.5, 0.25], "texture": "#0"}
			}
		},
		{
			"from": [6.4, 31, 6.5],
			"to": [7.4, 32, 7.5],
			"faces": {
				"north": {"uv": [9, 6.25, 9.25, 6.5], "texture": "#0"},
				"east": {"uv": [6.5, 9, 6.75, 9.25], "texture": "#0"},
				"south": {"uv": [9, 6.5, 9.25, 6.75], "texture": "#0"},
				"west": {"uv": [9, 6.75, 9.25, 7], "texture": "#0"},
				"up": {"uv": [7.25, 9.25, 7, 9], "texture": "#0"},
				"down": {"uv": [9.25, 7, 9, 7.25], "texture": "#0"}
			}
		},
		{
			"from": [4.5, 17, 6.5],
			"to": [5.5, 28.5, 7.5],
			"faces": {
				"north": {"uv": [4, 0, 4.25, 2.75], "texture": "#0"},
				"east": {"uv": [4, 2.75, 4.25, 5.5], "texture": "#0"},
				"south": {"uv": [4.25, 0, 4.5, 2.75], "texture": "#0"},
				"west": {"uv": [4.25, 2.75, 4.5, 5.5], "texture": "#0"},
				"up": {"uv": [7.5, 9.25, 7.25, 9], "texture": "#0"},
				"down": {"uv": [7.75, 9, 7.5, 9.25], "texture": "#0"}
			}
		},
		{
			"from": [4.5, 3.1, 6.5],
			"to": [5.5, 16.6, 7.5],
			"faces": {
				"north": {"uv": [3.5, 1.75, 3.75, 5], "texture": "#0"},
				"east": {"uv": [3.75, 1.75, 4, 5], "texture": "#0"},
				"south": {"uv": [2, 3.75, 2.25, 7], "texture": "#0"},
				"west": {"uv": [2.25, 3.75, 2.5, 7], "texture": "#0"},
				"up": {"uv": [9.25, 7.75, 9, 7.5], "texture": "#0"},
				"down": {"uv": [8, 9, 7.75, 9.25], "texture": "#0"}
			}
		},
		{
			"from": [4.75, 16.1, 6.5],
			"to": [5.75, 17.1, 7.5],
			"faces": {
				"north": {"uv": [9, 7.75, 9.25, 8], "texture": "#0"},
				"east": {"uv": [8, 9, 8.25, 9.25], "texture": "#0"},
				"south": {"uv": [9, 8, 9.25, 8.25], "texture": "#0"},
				"west": {"uv": [8.25, 9, 8.5, 9.25], "texture": "#0"},
				"up": {"uv": [9.25, 8.5, 9, 8.25], "texture": "#0"},
				"down": {"uv": [8.75, 9, 8.5, 9.25], "texture": "#0"}
			}
		},
		{
			"from": [8.5, 17, 6.5],
			"to": [9.5, 28.5, 7.5],
			"faces": {
				"north": {"uv": [4.5, 0, 4.75, 2.75], "texture": "#0"},
				"east": {"uv": [4.5, 2.75, 4.75, 5.5], "texture": "#0"},
				"south": {"uv": [4.75, 0, 5, 2.75], "texture": "#0"},
				"west": {"uv": [4.75, 2.75, 5, 5.5], "texture": "#0"},
				"up": {"uv": [9.25, 8.75, 9, 8.5], "texture": "#0"},
				"down": {"uv": [9.25, 8.75, 9, 9], "texture": "#0"}
			}
		},
		{
			"from": [8.5, 3.1, 6.5],
			"to": [9.5, 16.6, 7.5],
			"faces": {
				"north": {"uv": [2.5, 3.75, 2.75, 7], "texture": "#0"},
				"east": {"uv": [2.75, 3.75, 3, 7], "texture": "#0"},
				"south": {"uv": [3, 3.75, 3.25, 7], "texture": "#0"},
				"west": {"uv": [3.25, 3.75, 3.5, 7], "texture": "#0"},
				"up": {"uv": [9.25, 9.25, 9, 9], "texture": "#0"},
				"down": {"uv": [0.25, 9.25, 0, 9.5], "texture": "#0"}
			}
		},
		{
			"from": [8.25, 16.1, 6.5],
			"to": [9.25, 17.1, 7.5],
			"faces": {
				"north": {"uv": [9.25, 0, 9.5, 0.25], "texture": "#0"},
				"east": {"uv": [9.25, 0.25, 9.5, 0.5], "texture": "#0"},
				"south": {"uv": [9.25, 0.5, 9.5, 0.75], "texture": "#0"},
				"west": {"uv": [0.75, 9.25, 1, 9.5], "texture": "#0"},
				"up": {"uv": [9.5, 1, 9.25, 0.75], "texture": "#0"},
				"down": {"uv": [1.25, 9.25, 1, 9.5], "texture": "#0"}
			}
		}
	],
	"display": {
		"thirdperson_righthand": {
			"rotation": [0, 90, 0],
			"translation": [0, 12.75, 0.75],
			"scale": [0.5, 0.75, 0.75]
		},
		"thirdperson_lefthand": {
			"rotation": [0, 90, 0],
			"translation": [0, 12.75, 0.75],
			"scale": [0.5, 0.75, 0.75]
		},
		"firstperson_righthand": {
			"rotation": [0, 90, 0],
			"translation": [11, 4.5, -10.5]
		},
		"firstperson_lefthand": {
			"rotation": [0, 90, 0],
			"translation": [9.75, 3.75, -10.5]
		},
		"ground": {
			"rotation": [90, 0, 0],
			"translation": [0, 0, -0.75]
		},
		"gui": {
			"rotation": [0, 0, 45],
			"translation": [0, 0.75, 0]
		},
		"fixed": {
			"rotation": [0, 0, 45],
			"translation": [0, 1.25, 0]
		}
	},
	"groups": [
		{
			"name": "ark of the cosmos",
			"origin": [8, 8, 8],
			"color": 0,
			"children": [
				{
					"name": "handle 1",
					"origin": [0, 0, 0],
					"color": 0,
					"children": [0, 1, 2, 3, 4]
				},
				{
					"name": "handle 2",
					"origin": [0, 0, 0],
					"color": 0,
					"children": [5, 6, 7, 8, 9]
				},
				{
					"name": "hilt",
					"origin": [0, 0, 0],
					"color": 0,
					"children": [10, 11, 12, 13, 14, 15, 16, 17, 18, 19, 20, 21, 22, 23, 24, 25, 26, 27, 28, 29, 30, 31, 32, 33, 34, 35, 36, 37, 38]
				},
				{
					"name": "blade",
					"origin": [0, 0, 0],
					"color": 0,
					"children": [39, 40, 41, 42, 43, 44, 45, 46, 47, 48]
				}
			]
		}
	]
}