{
	"credit": "Made with Blockbench",
	"texture_size": [32, 32],
	"textures": {
		"0": "block/berserker axe",
		"particle": "block/berserker axe"
	},
	"elements": [
		{
			"from": [12.5, 23.5, 7],
			"to": [14.5, 30.5, 9],
			"faces": {
				"north": {"uv": [3, 4.5, 4, 8], "texture": "#0"},
				"east": {"uv": [0, 7, 1, 10.5], "texture": "#0"},
				"south": {"uv": [1, 7, 2, 10.5], "texture": "#0"},
				"west": {"uv": [4, 7.5, 5, 11], "texture": "#0"},
				"up": {"uv": [12, 5.5, 11, 4.5], "texture": "#0"},
				"down": {"uv": [12, 5.5, 11, 6.5], "texture": "#0"}
			}
		},
		{
			"from": [13.5, 22.5, 7],
			"to": [14.5, 31.5, 9],
			"faces": {
				"north": {"uv": [9, 9, 9.5, 13.5], "texture": "#0"},
				"east": {"uv": [2, 0, 3, 4.5], "texture": "#0"},
				"south": {"uv": [9.5, 9, 10, 13.5], "texture": "#0"},
				"west": {"uv": [3, 0, 4, 4.5], "texture": "#0"},
				"up": {"uv": [12, 1, 11.5, 0], "texture": "#0"},
				"down": {"uv": [2.5, 11.5, 2, 12.5], "texture": "#0"}
			}
		},
		{
			"from": [5.5, 25.5, 7],
			"to": [11.5, 28.5, 9],
			"faces": {
				"north": {"uv": [4, 0, 7, 1.5], "texture": "#0"},
				"east": {"uv": [0, 10.5, 1, 12], "texture": "#0"},
				"south": {"uv": [4, 1.5, 7, 3], "texture": "#0"},
				"west": {"uv": [10.5, 0, 11.5, 1.5], "texture": "#0"},
				"up": {"uv": [10, 9, 7, 8], "texture": "#0"},
				"down": {"uv": [11, 7, 8, 8], "texture": "#0"}
			}
		},
		{
			"from": [11.5, 24.5, 7],
			"to": [14.5, 29.5, 9],
			"faces": {
				"north": {"uv": [5, 3, 6.5, 5.5], "texture": "#0"},
				"east": {"uv": [7, 0, 8, 2.5], "texture": "#0"},
				"south": {"uv": [5, 5.5, 6.5, 8], "texture": "#0"},
				"west": {"uv": [9, 0, 10, 2.5], "texture": "#0"},
				"up": {"uv": [12, 2.5, 10.5, 1.5], "texture": "#0"},
				"down": {"uv": [12, 2.5, 10.5, 3.5], "texture": "#0"}
			}
		},
		{
			"from": [2.5, 24.5, 7],
			"to": [5.5, 29.5, 9],
			"faces": {
				"north": {"uv": [6.5, 3, 8, 5.5], "texture": "#0"},
				"east": {"uv": [2, 9, 3, 11.5], "texture": "#0"},
				"south": {"uv": [6.5, 5.5, 8, 8], "texture": "#0"},
				"west": {"uv": [9, 2.5, 10, 5], "texture": "#0"},
				"up": {"uv": [12, 4.5, 10.5, 3.5], "texture": "#0"},
				"down": {"uv": [12, 8, 10.5, 9], "texture": "#0"}
			}
		},
		{
			"from": [2.5, 23.5, 7],
			"to": [4.5, 30.5, 9],
			"faces": {
				"north": {"uv": [8, 0, 9, 3.5], "texture": "#0"},
				"east": {"uv": [3, 8, 4, 11.5], "texture": "#0"},
				"south": {"uv": [8, 3.5, 9, 7], "texture": "#0"},
				"west": {"uv": [5, 8, 6, 11.5], "texture": "#0"},
				"up": {"uv": [12, 7.5, 11, 6.5], "texture": "#0"},
				"down": {"uv": [12, 9, 11, 10], "texture": "#0"}
			}
		},
		{
			"from": [2.5, 22.5, 7],
			"to": [3.5, 31.5, 9],
			"faces": {
				"north": {"uv": [10, 0, 10.5, 4.5], "texture": "#0"},
				"east": {"uv": [4, 3, 5, 7.5], "texture": "#0"},
				"south": {"uv": [10, 8, 10.5, 12.5], "texture": "#0"},
				"west": {"uv": [2, 4.5, 3, 9], "texture": "#0"},
				"up": {"uv": [3, 12.5, 2.5, 11.5], "texture": "#0"},
				"down": {"uv": [3.5, 11.5, 3, 12.5], "texture": "#0"}
			}
		},
		{
			"from": [7.75, 1.5, 7.75],
			"to": [8.75, 2.5, 8.75],
			"faces": {
				"north": {"uv": [3.5, 11.5, 4, 12], "texture": "#0"},
				"east": {"uv": [5, 11.5, 5.5, 12], "texture": "#0"},
				"south": {"uv": [5.5, 11.5, 6, 12], "texture": "#0"},
				"west": {"uv": [11.5, 10, 12, 10.5], "texture": "#0"},
				"up": {"uv": [11, 12, 10.5, 11.5], "texture": "#0"},
				"down": {"uv": [12, 10.5, 11.5, 11], "texture": "#0"}
			}
		},
		{
			"from": [8.25, 1.5, 7.75],
			"to": [9.25, 2.5, 8.75],
			"faces": {
				"north": {"uv": [11.5, 11, 12, 11.5], "texture": "#0"},
				"east": {"uv": [11.5, 11.5, 12, 12], "texture": "#0"},
				"south": {"uv": [0, 12, 0.5, 12.5], "texture": "#0"},
				"west": {"uv": [12, 0, 12.5, 0.5], "texture": "#0"},
				"up": {"uv": [1, 12.5, 0.5, 12], "texture": "#0"},
				"down": {"uv": [12.5, 0.5, 12, 1], "texture": "#0"}
			}
		},
		{
			"from": [7.75, 1.5, 7.25],
			"to": [8.75, 2.5, 8.25],
			"faces": {
				"north": {"uv": [12, 1.5, 12.5, 2], "texture": "#0"},
				"east": {"uv": [12, 2, 12.5, 2.5], "texture": "#0"},
				"south": {"uv": [12, 2.5, 12.5, 3], "texture": "#0"},
				"west": {"uv": [12, 3, 12.5, 3.5], "texture": "#0"},
				"up": {"uv": [4, 12.5, 3.5, 12], "texture": "#0"},
				"down": {"uv": [12.5, 3.5, 12, 4], "texture": "#0"}
			}
		},
		{
			"from": [8.25, 1.5, 7.25],
			"to": [9.25, 2.5, 8.25],
			"faces": {
				"north": {"uv": [12, 4, 12.5, 4.5], "texture": "#0"},
				"east": {"uv": [12, 4.5, 12.5, 5], "texture": "#0"},
				"south": {"uv": [5, 12, 5.5, 12.5], "texture": "#0"},
				"west": {"uv": [12, 5, 12.5, 5.5], "texture": "#0"},
				"up": {"uv": [6, 12.5, 5.5, 12], "texture": "#0"},
				"down": {"uv": [12.5, 5.5, 12, 6], "texture": "#0"}
			}
		},
		{
			"from": [7.75, 23.25, 7.75],
			"to": [8.75, 24.25, 8.75],
			"faces": {
				"north": {"uv": [12, 6, 12.5, 6.5], "texture": "#0"},
				"east": {"uv": [12, 6.5, 12.5, 7], "texture": "#0"},
				"south": {"uv": [12, 7, 12.5, 7.5], "texture": "#0"},
				"west": {"uv": [12, 7.5, 12.5, 8], "texture": "#0"},
				"up": {"uv": [12.5, 8.5, 12, 8], "texture": "#0"},
				"down": {"uv": [12.5, 8.5, 12, 9], "texture": "#0"}
			}
		},
		{
			"from": [8.25, 23.25, 7.75],
			"to": [9.25, 24.25, 8.75],
			"faces": {
				"north": {"uv": [12, 9, 12.5, 9.5], "texture": "#0"},
				"east": {"uv": [12, 9.5, 12.5, 10], "texture": "#0"},
				"south": {"uv": [12, 10, 12.5, 10.5], "texture": "#0"},
				"west": {"uv": [10.5, 12, 11, 12.5], "texture": "#0"},
				"up": {"uv": [12.5, 11, 12, 10.5], "texture": "#0"},
				"down": {"uv": [11.5, 12, 11, 12.5], "texture": "#0"}
			}
		},
		{
			"from": [7.75, 23.25, 7.25],
			"to": [8.75, 24.25, 8.25],
			"faces": {
				"north": {"uv": [12, 11, 12.5, 11.5], "texture": "#0"},
				"east": {"uv": [11.5, 12, 12, 12.5], "texture": "#0"},
				"south": {"uv": [12, 11.5, 12.5, 12], "texture": "#0"},
				"west": {"uv": [12, 12, 12.5, 12.5], "texture": "#0"},
				"up": {"uv": [0.5, 13, 0, 12.5], "texture": "#0"},
				"down": {"uv": [13, 0, 12.5, 0.5], "texture": "#0"}
			}
		},
		{
			"from": [8.25, 23.25, 7.25],
			"to": [9.25, 24.25, 8.25],
			"faces": {
				"north": {"uv": [0.5, 12.5, 1, 13], "texture": "#0"},
				"east": {"uv": [12.5, 0.5, 13, 1], "texture": "#0"},
				"south": {"uv": [12.5, 1, 13, 1.5], "texture": "#0"},
				"west": {"uv": [12.5, 1.5, 13, 2], "texture": "#0"},
				"up": {"uv": [2.5, 13, 2, 12.5], "texture": "#0"},
				"down": {"uv": [13, 2, 12.5, 2.5], "texture": "#0"}
			}
		},
		{
			"from": [9, 0, 7.5],
			"to": [9, 1, 8.5],
			"faces": {
				"north": {"uv": [0, 0, 0, 0.5], "texture": "#0"},
				"east": {"uv": [2.5, 12.5, 3, 13], "texture": "#0"},
				"south": {"uv": [0, 0, 0, 0.5], "texture": "#0"},
				"west": {"uv": [12.5, 2.5, 13, 3], "texture": "#0"},
				"up": {"uv": [0, 0.5, 0, 0], "texture": "#0"},
				"down": {"uv": [0, 0, 0, 0.5], "texture": "#0"}
			}
		},
		{
			"from": [8, 0, 7.5],
			"to": [8, 1, 8.5],
			"faces": {
				"north": {"uv": [0, 0, 0, 0.5], "texture": "#0"},
				"east": {"uv": [3, 12.5, 3.5, 13], "texture": "#0"},
				"south": {"uv": [0, 0, 0, 0.5], "texture": "#0"},
				"west": {"uv": [12.5, 3, 13, 3.5], "texture": "#0"},
				"up": {"uv": [0, 0.5, 0, 0], "texture": "#0"},
				"down": {"uv": [0, 0, 0, 0.5], "texture": "#0"}
			}
		},
		{
			"from": [8, 0, 7.5],
			"to": [9, 0, 8.5],
			"faces": {
				"north": {"uv": [0, 0, 0.5, 0], "texture": "#0"},
				"east": {"uv": [0, 0, 0.5, 0], "texture": "#0"},
				"south": {"uv": [0, 0, 0.5, 0], "texture": "#0"},
				"west": {"uv": [0, 0, 0.5, 0], "texture": "#0"},
				"up": {"uv": [4, 13, 3.5, 12.5], "texture": "#0"},
				"down": {"uv": [13, 3.5, 12.5, 4], "texture": "#0"}
			}
		},
		{
			"from": [7.5, 5.75, 7.5],
			"to": [9.5, 19.75, 8.5],
			"faces": {
				"north": {"uv": [0, 0, 1, 7], "texture": "#0"},
				"east": {"uv": [6, 8, 6.5, 15], "texture": "#0"},
				"south": {"uv": [1, 0, 2, 7], "texture": "#0"},
				"west": {"uv": [6.5, 8, 7, 15], "texture": "#0"},
				"up": {"uv": [8, 3, 7, 2.5], "texture": "#0"},
				"down": {"uv": [11, 6.5, 10, 7], "texture": "#0"}
			}
		},
		{
			"from": [7.5, 24.75, 7.5],
			"to": [9.5, 28.75, 8.5],
			"faces": {
				"north": {"uv": [9, 5, 10, 7], "texture": "#0"},
				"east": {"uv": [4.5, 11, 5, 13], "texture": "#0"},
				"south": {"uv": [10, 4.5, 11, 6.5], "texture": "#0"},
				"west": {"uv": [11, 10, 11.5, 12], "texture": "#0"},
				"up": {"uv": [12, 8, 11, 7.5], "texture": "#0"},
				"down": {"uv": [12.5, 1, 11.5, 1.5], "texture": "#0"}
			}
		},
		{
			"from": [8, 19, 7.5],
			"to": [9, 29, 8.5],
			"faces": {
				"north": {"uv": [7, 9, 7.5, 14], "texture": "#0"},
				"east": {"uv": [7.5, 9, 8, 14], "texture": "#0"},
				"south": {"uv": [8, 9, 8.5, 14], "texture": "#0"},
				"west": {"uv": [8.5, 9, 9, 14], "texture": "#0"},
				"up": {"uv": [13, 4.5, 12.5, 4], "texture": "#0"},
				"down": {"uv": [13, 4.5, 12.5, 5], "texture": "#0"}
			}
		},
		{
			"from": [8, 1, 7.5],
			"to": [9, 6, 8.5],
			"faces": {
				"north": {"uv": [1, 10.5, 1.5, 13], "texture": "#0"},
				"east": {"uv": [1.5, 10.5, 2, 13], "texture": "#0"},
				"south": {"uv": [10.5, 9, 11, 11.5], "texture": "#0"},
				"west": {"uv": [4, 11, 4.5, 13.5], "texture": "#0"},
				"up": {"uv": [5.5, 13, 5, 12.5], "texture": "#0"},
				"down": {"uv": [13, 5, 12.5, 5.5], "texture": "#0"}
			}
		}
	],
	"display": {
		"thirdperson_righthand": {
			"rotation": [0, 90, 0],
			"translation": [0, -3, 1.75]
		},
		"thirdperson_lefthand": {
			"rotation": [0, -90, 0],
			"translation": [0, 0.5, 1.75]
		},
		"firstperson_righthand": {
			"rotation": [0, 90, 0],
			"translation": [1.25, -2.5, -3.75]
		},
		"firstperson_lefthand": {
			"rotation": [0, -90, 0],
			"translation": [1, -3.5, -3.75]
		},
		"ground": {
			"rotation": [90, 0, 0],
			"translation": [0, 0, -7.25]
		},
		"gui": {
			"rotation": [0, 0, 45],
			"translation": [5.5, -6.5, 0]
		},
		"fixed": {
			"rotation": [0, 0, 45],
			"translation": [5.5, -7, 0]
		}
	},
	"groups": [
		{
			"name": "Axe",
			"origin": [8, 8, 8],
			"color": 0,
			"children": [
				{
					"name": "Head",
					"origin": [0, 0, 0],
					"color": 0,
					"children": [0, 1, 2, 3, 4, 5, 6]
				},
				{
					"name": "handle",
					"origin": [0, 0, 0],
					"color": 0,
					"children": [
						{
							"name": "buldge thing",
							"origin": [0, 0, 0],
							"color": 0,
							"children": [7, 8, 9, 10]
						},
						{
							"name": "buldge thing",
							"origin": [0, 0, 0],
							"color": 0,
							"children": [11, 12, 13, 14]
						},
						{
							"name": "ring",
							"origin": [0, 0, 0],
							"color": 0,
							"children": [15, 16, 17]
						},
						18,
						19,
						20,
						21
					]
				}
			]
		}
	]
}