{
	"credit": "Made with Blockbench",
	"texture_size": [32, 32],
	"textures": {
		"0": "caestus",
		"particle": "caestus"
	},
	"elements": [
		{
			"name": "main",
			"from": [5.5, 0, 5.5],
			"to": [10.5, 6, 8.5],
			"rotation": {"angle": 0, "axis": "x", "origin": [8, 3, 8]},
			"faces": {
				"north": {"uv": [3, 0, 5.5, 3], "texture": "#0"},
				"east": {"uv": [5.5, 0, 7, 3], "texture": "#0"},
				"south": {"uv": [3, 3, 5.5, 6], "texture": "#0"},
				"west": {"uv": [5.5, 3, 7, 6], "texture": "#0"},
				"up": {"uv": [2.5, 7.5, 0, 6], "texture": "#0"},
				"down": {"uv": [5, 6, 2.5, 7.5], "texture": "#0"}
			}
		},
		{
			"name": "fingers",
			"from": [5.5, 0, 8.5],
			"to": [10.5, 2, 10.5],
			"rotation": {"angle": 0, "axis": "x", "origin": [8, 3, 8]},
			"faces": {
				"north": {"uv": [5, 6, 7.5, 7], "texture": "#0"},
				"east": {"uv": [7.5, 6, 8.5, 7], "texture": "#0"},
				"south": {"uv": [7, 0, 9.5, 1], "texture": "#0"},
				"west": {"uv": [0, 8, 1, 9], "texture": "#0"},
				"up": {"uv": [9.5, 2, 7, 1], "texture": "#0"},
				"down": {"uv": [9.5, 2, 7, 3], "texture": "#0"}
			}
		},
		{
			"name": "strap",
			"from": [5.5, 4, 8.5],
			"to": [10.5, 5, 10.5],
			"rotation": {"angle": 0, "axis": "x", "origin": [8, 3, 8]},
			"faces": {
				"north": {"uv": [3, 7.5, 5.5, 8], "texture": "#0"},
				"east": {"uv": [1, 8, 2, 8.5], "texture": "#0"},
				"south": {"uv": [5.5, 7.5, 8, 8], "texture": "#0"},
				"west": {"uv": [2, 8, 3, 8.5], "texture": "#0"},
				"up": {"uv": [9.5, 4, 7, 3], "texture": "#0"},
				"down": {"uv": [9.5, 4, 7, 5], "texture": "#0"}
			}
		},
		{
			"name": "cuff",
			"from": [5, 6, 5],
			"to": [11, 7, 11],
			"rotation": {"angle": 0, "axis": "x", "origin": [8, 3, 8]},
			"faces": {
				"north": {"uv": [5, 7, 8, 7.5], "texture": "#0"},
				"east": {"uv": [7, 5, 10, 5.5], "texture": "#0"},
				"south": {"uv": [7, 5.5, 10, 6], "texture": "#0"},
				"west": {"uv": [0, 7.5, 3, 8], "texture": "#0"},
				"up": {"uv": [3, 3, 0, 0], "texture": "#0"},
				"down": {"uv": [3, 3, 0, 6], "texture": "#0"}
			}
		}
	],
	"display": {
		"thirdperson_righthand": {
			"rotation": [90, -90, 0],
			"translation": [0, -2, 7]
		},
		"thirdperson_lefthand": {
			"rotation": [90, -90, 0],
			"translation": [0, -2, 7]
		},
		"firstperson_righthand": {
			"rotation": [125, 0, 0],
			"translation": [0, 0, 3.75]
		},
		"firstperson_lefthand": {
			"rotation": [125, 0, 0],
			"translation": [0, 0, 3.75]
		},
		"ground": {
			"rotation": [90, 0, 0],
			"translation": [0, 0, 4]
		},
		"gui": {
			"rotation": [0, 91, 0],
			"translation": [0, 9, 0],
			"scale": [2, 2, 2]
		},
		"fixed": {
			"rotation": [0, 91, 0],
			"translation": [0, 9.5, 0],
			"scale": [2, 2, 2]
		}
	},
	"groups": [
		{
			"name": "caestus",
			"origin": [8, 3, 8],
			"color": 0,
			"children": [0, 1, 2, 3]
		}
	]
}