{
	"credit": "Made with Blockbench",
	"textures": {
		"0": "curveddagger",
		"particle": "curveddagger"
	},
	"elements": [
		{
			"name": "Handle",
			"from": [7.5, 1, 8],
			"to": [8.5, 5, 9],
			"rotation": {"angle": 0, "axis": "x", "origin": [0, 2, 0]},
			"faces": {
				"north": {"uv": [6, 0, 7, 4], "texture": "#0"},
				"east": {"uv": [6, 4, 7, 8], "texture": "#0"},
				"south": {"uv": [7, 0, 8, 4], "texture": "#0"},
				"west": {"uv": [7, 4, 8, 8], "texture": "#0"},
				"up": {"uv": [9, 7, 8, 6], "texture": "#0"},
				"down": {"uv": [8, 8, 7, 9], "texture": "#0"}
			}
		},
		{
			"name": "pommel",
			"from": [8, 4.5, 8.25],
			"to": [9, 5.5, 9.25],
			"rotation": {"angle": 0, "axis": "x", "origin": [0, 1, 0]},
			"faces": {
				"north": {"uv": [11, 0, 12, 1], "texture": "#0"},
				"east": {"uv": [1, 11, 2, 12], "texture": "#0"},
				"south": {"uv": [11, 1, 12, 2], "texture": "#0"},
				"west": {"uv": [2, 11, 3, 12], "texture": "#0"},
				"up": {"uv": [12, 3, 11, 2], "texture": "#0"},
				"down": {"uv": [4, 11, 3, 12], "texture": "#0"}
			}
		},
		{
			"name": "pommel",
			"from": [8, 4.5, 7.75],
			"to": [9, 5.5, 8.75],
			"rotation": {"angle": 0, "axis": "x", "origin": [0, 1, 0]},
			"faces": {
				"north": {"uv": [11, 3, 12, 4], "texture": "#0"},
				"east": {"uv": [4, 11, 5, 12], "texture": "#0"},
				"south": {"uv": [11, 4, 12, 5], "texture": "#0"},
				"west": {"uv": [5, 11, 6, 12], "texture": "#0"},
				"up": {"uv": [12, 6, 11, 5], "texture": "#0"},
				"down": {"uv": [7, 11, 6, 12], "texture": "#0"}
			}
		},
		{
			"name": "pommel",
			"from": [7, 4.5, 8.25],
			"to": [8, 5.5, 9.25],
			"rotation": {"angle": 0, "axis": "x", "origin": [0, 1, 0]},
			"faces": {
				"north": {"uv": [11, 6, 12, 7], "texture": "#0"},
				"east": {"uv": [7, 11, 8, 12], "texture": "#0"},
				"south": {"uv": [11, 7, 12, 8], "texture": "#0"},
				"west": {"uv": [8, 11, 9, 12], "texture": "#0"},
				"up": {"uv": [12, 9, 11, 8], "texture": "#0"},
				"down": {"uv": [10, 11, 9, 12], "texture": "#0"}
			}
		},
		{
			"name": "pommel",
			"from": [7, 4.5, 7.75],
			"to": [8, 5.5, 8.75],
			"rotation": {"angle": 0, "axis": "x", "origin": [0, 1, 0]},
			"faces": {
				"north": {"uv": [11, 9, 12, 10], "texture": "#0"},
				"east": {"uv": [10, 11, 11, 12], "texture": "#0"},
				"south": {"uv": [11, 10, 12, 11], "texture": "#0"},
				"west": {"uv": [11, 11, 12, 12], "texture": "#0"},
				"up": {"uv": [1, 13, 0, 12], "texture": "#0"},
				"down": {"uv": [13, 0, 12, 1], "texture": "#0"}
			}
		},
		{
			"name": "pommel",
			"from": [6.5, 5, 7.85],
			"to": [7.5, 6, 8.85],
			"rotation": {"angle": 0, "axis": "x", "origin": [0, 1, 0]},
			"faces": {
				"north": {"uv": [1, 12, 2, 13], "texture": "#0"},
				"east": {"uv": [12, 1, 13, 2], "texture": "#0"},
				"south": {"uv": [2, 12, 3, 13], "texture": "#0"},
				"west": {"uv": [12, 2, 13, 3], "texture": "#0"},
				"up": {"uv": [4, 13, 3, 12], "texture": "#0"},
				"down": {"uv": [13, 3, 12, 4], "texture": "#0"}
			}
		},
		{
			"name": "pommel",
			"from": [6.5, 5, 8.15],
			"to": [7.5, 6, 9.15],
			"rotation": {"angle": 0, "axis": "x", "origin": [0, 1, 0]},
			"faces": {
				"north": {"uv": [4, 12, 5, 13], "texture": "#0"},
				"east": {"uv": [12, 4, 13, 5], "texture": "#0"},
				"south": {"uv": [5, 12, 6, 13], "texture": "#0"},
				"west": {"uv": [12, 5, 13, 6], "texture": "#0"},
				"up": {"uv": [7, 13, 6, 12], "texture": "#0"},
				"down": {"uv": [13, 6, 12, 7], "texture": "#0"}
			}
		},
		{
			"name": "pommel",
			"from": [7.75, 0.25, 8.25],
			"to": [8.75, 1.25, 9.25],
			"rotation": {"angle": 0, "axis": "x", "origin": [0, 1, 0]},
			"faces": {
				"north": {"uv": [5, 9, 6, 10], "texture": "#0"},
				"east": {"uv": [6, 9, 7, 10], "texture": "#0"},
				"south": {"uv": [9, 6, 10, 7], "texture": "#0"},
				"west": {"uv": [7, 9, 8, 10], "texture": "#0"},
				"up": {"uv": [10, 8, 9, 7], "texture": "#0"},
				"down": {"uv": [9, 9, 8, 10], "texture": "#0"}
			}
		},
		{
			"name": "pommel",
			"from": [7.75, 0.25, 7.75],
			"to": [8.75, 1.25, 8.75],
			"rotation": {"angle": 0, "axis": "x", "origin": [0, 1, 0]},
			"faces": {
				"north": {"uv": [9, 8, 10, 9], "texture": "#0"},
				"east": {"uv": [9, 9, 10, 10], "texture": "#0"},
				"south": {"uv": [0, 10, 1, 11], "texture": "#0"},
				"west": {"uv": [10, 0, 11, 1], "texture": "#0"},
				"up": {"uv": [2, 11, 1, 10], "texture": "#0"},
				"down": {"uv": [11, 1, 10, 2], "texture": "#0"}
			}
		},
		{
			"name": "pommel",
			"from": [7.25, 0.25, 7.75],
			"to": [8.25, 1.25, 8.75],
			"rotation": {"angle": 0, "axis": "x", "origin": [0, 1, 0]},
			"faces": {
				"north": {"uv": [2, 10, 3, 11], "texture": "#0"},
				"east": {"uv": [10, 2, 11, 3], "texture": "#0"},
				"south": {"uv": [3, 10, 4, 11], "texture": "#0"},
				"west": {"uv": [10, 3, 11, 4], "texture": "#0"},
				"up": {"uv": [5, 11, 4, 10], "texture": "#0"},
				"down": {"uv": [11, 4, 10, 5], "texture": "#0"}
			}
		},
		{
			"name": "pommel",
			"from": [6.75, 0, 8],
			"to": [7.75, 1, 9],
			"rotation": {"angle": 0, "axis": "x", "origin": [0, 1, 0]},
			"faces": {
				"north": {"uv": [5, 10, 6, 11], "texture": "#0"},
				"east": {"uv": [10, 5, 11, 6], "texture": "#0"},
				"south": {"uv": [6, 10, 7, 11], "texture": "#0"},
				"west": {"uv": [10, 6, 11, 7], "texture": "#0"},
				"up": {"uv": [8, 11, 7, 10], "texture": "#0"},
				"down": {"uv": [11, 7, 10, 8], "texture": "#0"}
			}
		},
		{
			"name": "pommel",
			"from": [7.25, 0.25, 8.25],
			"to": [8.25, 1.25, 9.25],
			"rotation": {"angle": 0, "axis": "x", "origin": [0, 1, 0]},
			"faces": {
				"north": {"uv": [8, 10, 9, 11], "texture": "#0"},
				"east": {"uv": [10, 8, 11, 9], "texture": "#0"},
				"south": {"uv": [9, 10, 10, 11], "texture": "#0"},
				"west": {"uv": [10, 9, 11, 10], "texture": "#0"},
				"up": {"uv": [11, 11, 10, 10], "texture": "#0"},
				"down": {"uv": [1, 11, 0, 12], "texture": "#0"}
			}
		},
		{
			"name": "Handle",
			"from": [8, 12.5, 8],
			"to": [10, 14.5, 9],
			"rotation": {"angle": 0, "axis": "x", "origin": [0, 2, 0]},
			"faces": {
				"north": {"uv": [0, 8, 2, 10], "texture": "#0"},
				"east": {"uv": [2, 8, 3, 10], "texture": "#0"},
				"south": {"uv": [8, 0, 10, 2], "texture": "#0"},
				"west": {"uv": [8, 2, 9, 4], "texture": "#0"},
				"up": {"uv": [5, 9, 3, 8], "texture": "#0"},
				"down": {"uv": [10, 4, 8, 5], "texture": "#0"}
			}
		},
		{
			"name": "Shaft",
			"from": [7, 5.5, 8],
			"to": [9, 13.5, 9],
			"rotation": {"angle": 0, "axis": "x", "origin": [0, 2, 0]},
			"faces": {
				"north": {"uv": [0, 0, 2, 8], "texture": "#0"},
				"east": {"uv": [4, 0, 5, 8], "texture": "#0"},
				"south": {"uv": [2, 0, 4, 8], "texture": "#0"},
				"west": {"uv": [5, 0, 6, 8], "texture": "#0"},
				"up": {"uv": [7, 9, 5, 8], "texture": "#0"},
				"down": {"uv": [10, 5, 8, 6], "texture": "#0"}
			}
		},
		{
			"name": "Handle",
			"from": [10, 13.5, 8],
			"to": [11, 14.5, 9],
			"rotation": {"angle": 0, "axis": "x", "origin": [0, 2, 0]},
			"faces": {
				"north": {"uv": [8, 7, 9, 8], "texture": "#0"},
				"east": {"uv": [8, 8, 9, 9], "texture": "#0"},
				"south": {"uv": [9, 2, 10, 3], "texture": "#0"},
				"west": {"uv": [3, 9, 4, 10], "texture": "#0"},
				"up": {"uv": [10, 4, 9, 3], "texture": "#0"},
				"down": {"uv": [5, 9, 4, 10], "texture": "#0"}
			}
		}
	],
	"display": {
		"thirdperson_righthand": {
			"rotation": [-180, 91, 0],
			"translation": [-1, -7.5, 1]
		},
		"thirdperson_lefthand": {
			"rotation": [-180, 91, 0],
			"translation": [-1, -7.5, 1]
		},
		"firstperson_righthand": {
			"rotation": [-17, 93, 0],
			"translation": [0, 5, 0]
		},
		"firstperson_lefthand": {
			"rotation": [-17, 93, 0],
			"translation": [0, 5, 0.75]
		},
		"ground": {
			"rotation": [90, 0, 0],
			"translation": [0, 0, 1.75]
		},
		"gui": {
			"rotation": [0, 0, -45],
			"translation": [1.5, 1.75, 0],
			"scale": [1.5, 1.5, 1.5]
		},
		"fixed": {
			"rotation": [0, 0, 44],
			"translation": [-1.25, 1, 0],
			"scale": [1.5, 1.5, 1.5]
		}
	},
	"groups": [
		{
			"name": "curved dagger",
			"origin": [8, 16, 8],
			"color": 0,
			"children": [
				{
					"name": "Handle",
					"origin": [0, 0, 0],
					"color": 0,
					"children": [0]
				},
				{
					"name": "hilt",
					"origin": [0, 1, 0],
					"color": 0,
					"children": [1, 2, 3, 4, 5, 6]
				},
				{
					"name": "Pommel",
					"origin": [0, 0, 0],
					"color": 0,
					"children": [7, 8, 9, 10, 11]
				},
				{
					"name": "Blade",
					"origin": [8, 16, 8],
					"color": 0,
					"children": [12, 13, 14]
				}
			]
		}
	]
}