{
	"credit": "Made with Blockbench",
	"texture_size": [32, 32],
	"textures": {
		"0": "block/diamond spear",
		"particle": "block/diamond spear"
	},
	"elements": [
		{
			"name": "pommel",
			"from": [7, 22, 7],
			"to": [9, 23, 9],
			"faces": {
				"north": {"uv": [6.5, 4, 7.5, 4.5], "texture": "#0"},
				"east": {"uv": [6.5, 4.5, 7.5, 5], "texture": "#0"},
				"south": {"uv": [6.5, 5, 7.5, 5.5], "texture": "#0"},
				"west": {"uv": [6.5, 5.5, 7.5, 6], "texture": "#0"},
				"up": {"uv": [6.5, 3, 5.5, 2], "texture": "#0"},
				"down": {"uv": [6.5, 3, 5.5, 4], "texture": "#0"}
			}
		},
		{
			"name": "lonk stick",
			"from": [7.5, 1, 7.5],
			"to": [8.5, 25, 8.5],
			"faces": {
				"north": {"uv": [0, 0, 0.5, 12], "texture": "#0"},
				"east": {"uv": [0.5, 0, 1, 12], "texture": "#0"},
				"south": {"uv": [1, 0, 1.5, 12], "texture": "#0"},
				"west": {"uv": [1.5, 0, 2, 12], "texture": "#0"},
				"up": {"uv": [8.5, 2.5, 8, 2], "texture": "#0"},
				"down": {"uv": [3.5, 8, 3, 8.5], "texture": "#0"}
			}
		},
		{
			"name": "pommel",
			"from": [7, 0, 7],
			"to": [9, 1, 9],
			"faces": {
				"north": {"uv": [6.5, 6, 7.5, 6.5], "texture": "#0"},
				"east": {"uv": [6.5, 6.5, 7.5, 7], "texture": "#0"},
				"south": {"uv": [6.5, 7, 7.5, 7.5], "texture": "#0"},
				"west": {"uv": [7.5, 1, 8.5, 1.5], "texture": "#0"},
				"up": {"uv": [6.5, 5, 5.5, 4], "texture": "#0"},
				"down": {"uv": [6.5, 5, 5.5, 6], "texture": "#0"}
			}
		},
		{
			"name": "side",
			"from": [8.75, 0.5, 7.5],
			"to": [9.75, 1.5, 8.5],
			"faces": {
				"north": {"uv": [8, 3, 8.5, 3.5], "texture": "#0"},
				"east": {"uv": [3.5, 8, 4, 8.5], "texture": "#0"},
				"south": {"uv": [8, 3.5, 8.5, 4], "texture": "#0"},
				"west": {"uv": [4, 8, 4.5, 8.5], "texture": "#0"},
				"up": {"uv": [8.5, 4.5, 8, 4], "texture": "#0"},
				"down": {"uv": [5, 8, 4.5, 8.5], "texture": "#0"}
			}
		},
		{
			"name": "side",
			"from": [7.5, 0.5, 8.75],
			"to": [8.5, 1.5, 9.75],
			"faces": {
				"north": {"uv": [8, 4.5, 8.5, 5], "texture": "#0"},
				"east": {"uv": [5, 8, 5.5, 8.5], "texture": "#0"},
				"south": {"uv": [8, 5, 8.5, 5.5], "texture": "#0"},
				"west": {"uv": [5.5, 8, 6, 8.5], "texture": "#0"},
				"up": {"uv": [8.5, 6, 8, 5.5], "texture": "#0"},
				"down": {"uv": [6.5, 8, 6, 8.5], "texture": "#0"}
			}
		},
		{
			"name": "side",
			"from": [6.25, 0.5, 7.5],
			"to": [7.25, 1.5, 8.5],
			"faces": {
				"north": {"uv": [6.5, 8, 7, 8.5], "texture": "#0"},
				"east": {"uv": [8, 6.5, 8.5, 7], "texture": "#0"},
				"south": {"uv": [7, 8, 7.5, 8.5], "texture": "#0"},
				"west": {"uv": [8, 7, 8.5, 7.5], "texture": "#0"},
				"up": {"uv": [8.5, 8, 8, 7.5], "texture": "#0"},
				"down": {"uv": [8.5, 8, 8, 8.5], "texture": "#0"}
			}
		},
		{
			"name": "side",
			"from": [7.5, 0.5, 6.25],
			"to": [8.5, 1.5, 7.25],
			"faces": {
				"north": {"uv": [8.5, 0, 9, 0.5], "texture": "#0"},
				"east": {"uv": [8.5, 0.5, 9, 1], "texture": "#0"},
				"south": {"uv": [8.5, 1, 9, 1.5], "texture": "#0"},
				"west": {"uv": [2, 8.5, 2.5, 9], "texture": "#0"},
				"up": {"uv": [9, 2.5, 8.5, 2], "texture": "#0"},
				"down": {"uv": [3, 8.5, 2.5, 9], "texture": "#0"}
			}
		},
		{
			"name": "main",
			"from": [6, 25, 7.5],
			"to": [10, 29, 8.5],
			"faces": {
				"north": {"uv": [2, 0, 4, 2], "texture": "#0"},
				"east": {"uv": [5.5, 6, 6, 8], "texture": "#0"},
				"south": {"uv": [2, 2, 4, 4], "texture": "#0"},
				"west": {"uv": [6, 6, 6.5, 8], "texture": "#0"},
				"up": {"uv": [8.5, 0.5, 6.5, 0], "texture": "#0"},
				"down": {"uv": [8.5, 0.5, 6.5, 1], "texture": "#0"}
			}
		},
		{
			"name": "mid",
			"from": [6.5, 29, 7.5],
			"to": [9.5, 31, 8.5],
			"faces": {
				"north": {"uv": [5, 0, 6.5, 1], "texture": "#0"},
				"east": {"uv": [5, 7, 5.5, 8], "texture": "#0"},
				"south": {"uv": [5, 1, 6.5, 2], "texture": "#0"},
				"west": {"uv": [7.5, 1.5, 8, 2.5], "texture": "#0"},
				"up": {"uv": [8, 3.5, 6.5, 3], "texture": "#0"},
				"down": {"uv": [8, 3.5, 6.5, 4], "texture": "#0"}
			}
		},
		{
			"name": "tip",
			"from": [7.5, 31, 7.5],
			"to": [8.5, 32, 8.5],
			"faces": {
				"north": {"uv": [8.5, 2.5, 9, 3], "texture": "#0"},
				"east": {"uv": [3, 8.5, 3.5, 9], "texture": "#0"},
				"south": {"uv": [8.5, 3, 9, 3.5], "texture": "#0"},
				"west": {"uv": [3.5, 8.5, 4, 9], "texture": "#0"},
				"up": {"uv": [9, 4, 8.5, 3.5], "texture": "#0"},
				"down": {"uv": [4.5, 8.5, 4, 9], "texture": "#0"}
			}
		},
		{
			"name": "tip",
			"from": [7, 25, 7.75],
			"to": [9, 30, 8.75],
			"faces": {
				"north": {"uv": [4, 0, 5, 2.5], "texture": "#0"},
				"east": {"uv": [5, 2, 5.5, 4.5], "texture": "#0"},
				"south": {"uv": [2, 4, 3, 6.5], "texture": "#0"},
				"west": {"uv": [4, 5, 4.5, 7.5], "texture": "#0"},
				"up": {"uv": [3, 8, 2, 7.5], "texture": "#0"},
				"down": {"uv": [8.5, 2.5, 7.5, 3], "texture": "#0"}
			}
		},
		{
			"name": "tip",
			"from": [7, 25, 7.25],
			"to": [9, 30, 8.25],
			"faces": {
				"north": {"uv": [4, 2.5, 5, 5], "texture": "#0"},
				"east": {"uv": [4.5, 5, 5, 7.5], "texture": "#0"},
				"south": {"uv": [3, 4, 4, 6.5], "texture": "#0"},
				"west": {"uv": [5, 4.5, 5.5, 7], "texture": "#0"},
				"up": {"uv": [4, 8, 3, 7.5], "texture": "#0"},
				"down": {"uv": [5, 7.5, 4, 8], "texture": "#0"}
			}
		},
		{
			"name": "side",
			"from": [9.25, 24.25, 7.5],
			"to": [11.25, 26.25, 8.5],
			"faces": {
				"north": {"uv": [6.5, 1, 7.5, 2], "texture": "#0"},
				"east": {"uv": [7.5, 4, 8, 5], "texture": "#0"},
				"south": {"uv": [2, 6.5, 3, 7.5], "texture": "#0"},
				"west": {"uv": [7.5, 5, 8, 6], "texture": "#0"},
				"up": {"uv": [8.5, 6.5, 7.5, 6], "texture": "#0"},
				"down": {"uv": [7.5, 7.5, 6.5, 8], "texture": "#0"}
			}
		},
		{
			"name": "side",
			"from": [4.75, 24.25, 7.5],
			"to": [6.75, 26.25, 8.5],
			"faces": {
				"north": {"uv": [6.5, 2, 7.5, 3], "texture": "#0"},
				"east": {"uv": [7.5, 6.5, 8, 7.5], "texture": "#0"},
				"south": {"uv": [3, 6.5, 4, 7.5], "texture": "#0"},
				"west": {"uv": [7.5, 7.5, 8, 8.5], "texture": "#0"},
				"up": {"uv": [9, 2, 8, 1.5], "texture": "#0"},
				"down": {"uv": [3, 8, 2, 8.5], "texture": "#0"}
			}
		}
	],
	"display": {
		"thirdperson_righthand": {
			"rotation": [0, 91, 0],
			"translation": [0, -4, 1.25],
			"scale": [1, 1.5, 1]
		},
		"thirdperson_lefthand": {
			"rotation": [0, 91, 0],
			"translation": [0, -4, 1.25],
			"scale": [1, 1.5, 1]
		},
		"firstperson_righthand": {
			"rotation": [-27, 118, 0]
		},
		"firstperson_lefthand": {
			"rotation": [-27, 113, 0]
		},
		"ground": {
			"rotation": [90, 0, 0],
			"translation": [0, 0, -6.5]
		},
		"gui": {
			"rotation": [0, 0, -44],
			"translation": [-4.5, -5.5, 0]
		},
		"fixed": {
			"rotation": [0, 0, 40],
			"translation": [4.5, -6, 0]
		}
	},
	"groups": [
		{
			"name": "diamond spear",
			"origin": [8, 8, 8],
			"color": 0,
			"children": [
				{
					"name": "handle",
					"origin": [8, 8, 8],
					"color": 0,
					"children": [0, 1]
				},
				{
					"name": "pommel",
					"origin": [0, 0, 0],
					"color": 0,
					"children": [2, 3, 4, 5, 6]
				},
				{
					"name": "blade",
					"origin": [0, 0, 0],
					"color": 0,
					"children": [7, 8, 9, 10, 11, 12, 13]
				}
			]
		}
	]
}