{
	"credit": "Made with Blockbench",
	"texture_size": [32, 32],
	"textures": {
		"0": "block/gold spear",
		"particle": "block/gold spear"
	},
	"elements": [
		{
			"name": "lonk stick",
			"from": [7.5, 1, 7.5],
			"to": [8.5, 23, 8.5],
			"faces": {
				"north": {"uv": [0, 0, 0.5, 11], "texture": "#0"},
				"east": {"uv": [0.5, 0, 1, 11], "texture": "#0"},
				"south": {"uv": [1, 0, 1.5, 11], "texture": "#0"},
				"west": {"uv": [1.5, 0, 2, 11], "texture": "#0"},
				"up": {"uv": [6, 5.5, 5.5, 5], "texture": "#0"},
				"down": {"uv": [6, 5.5, 5.5, 6], "texture": "#0"}
			}
		},
		{
			"name": "pommel",
			"from": [8.75, 2, 7.75],
			"to": [7.75, 1, 8.75],
			"faces": {
				"north": {"uv": [6, 0, 6.5, 0.5], "texture": "#0"},
				"east": {"uv": [6, 0.5, 6.5, 1], "texture": "#0"},
				"south": {"uv": [2, 6, 2.5, 6.5], "texture": "#0"},
				"west": {"uv": [2.5, 6, 3, 6.5], "texture": "#0"},
				"up": {"uv": [3.5, 6.5, 3, 6], "texture": "#0"},
				"down": {"uv": [4, 6, 3.5, 6.5], "texture": "#0"}
			}
		},
		{
			"name": "pommel",
			"from": [8.75, 2, 7.25],
			"to": [7.75, 1, 8.25],
			"faces": {
				"north": {"uv": [4, 6, 4.5, 6.5], "texture": "#0"},
				"east": {"uv": [4.5, 6, 5, 6.5], "texture": "#0"},
				"south": {"uv": [5, 6, 5.5, 6.5], "texture": "#0"},
				"west": {"uv": [6, 5, 6.5, 5.5], "texture": "#0"},
				"up": {"uv": [6, 6.5, 5.5, 6], "texture": "#0"},
				"down": {"uv": [6.5, 5.5, 6, 6], "texture": "#0"}
			}
		},
		{
			"name": "pommel",
			"from": [8.25, 2, 7.25],
			"to": [7.25, 1, 8.25],
			"faces": {
				"north": {"uv": [6, 6, 6.5, 6.5], "texture": "#0"},
				"east": {"uv": [6.5, 0, 7, 0.5], "texture": "#0"},
				"south": {"uv": [6.5, 0.5, 7, 1], "texture": "#0"},
				"west": {"uv": [6.5, 1, 7, 1.5], "texture": "#0"},
				"up": {"uv": [7, 2, 6.5, 1.5], "texture": "#0"},
				"down": {"uv": [2.5, 6.5, 2, 7], "texture": "#0"}
			}
		},
		{
			"name": "pommel",
			"from": [8.25, 2, 7.75],
			"to": [7.25, 1, 8.75],
			"faces": {
				"north": {"uv": [6.5, 2, 7, 2.5], "texture": "#0"},
				"east": {"uv": [2.5, 6.5, 3, 7], "texture": "#0"},
				"south": {"uv": [6.5, 2.5, 7, 3], "texture": "#0"},
				"west": {"uv": [3, 6.5, 3.5, 7], "texture": "#0"},
				"up": {"uv": [7, 3.5, 6.5, 3], "texture": "#0"},
				"down": {"uv": [4, 6.5, 3.5, 7], "texture": "#0"}
			}
		},
		{
			"name": "pommel",
			"from": [8.75, 5, 7.75],
			"to": [7.75, 4, 8.75],
			"faces": {
				"north": {"uv": [6.5, 3.5, 7, 4], "texture": "#0"},
				"east": {"uv": [4, 6.5, 4.5, 7], "texture": "#0"},
				"south": {"uv": [6.5, 4, 7, 4.5], "texture": "#0"},
				"west": {"uv": [4.5, 6.5, 5, 7], "texture": "#0"},
				"up": {"uv": [7, 5, 6.5, 4.5], "texture": "#0"},
				"down": {"uv": [5.5, 6.5, 5, 7], "texture": "#0"}
			}
		},
		{
			"name": "pommel",
			"from": [8.75, 5, 7.25],
			"to": [7.75, 4, 8.25],
			"faces": {
				"north": {"uv": [6.5, 5, 7, 5.5], "texture": "#0"},
				"east": {"uv": [5.5, 6.5, 6, 7], "texture": "#0"},
				"south": {"uv": [6.5, 5.5, 7, 6], "texture": "#0"},
				"west": {"uv": [6, 6.5, 6.5, 7], "texture": "#0"},
				"up": {"uv": [7, 6.5, 6.5, 6], "texture": "#0"},
				"down": {"uv": [7, 6.5, 6.5, 7], "texture": "#0"}
			}
		},
		{
			"name": "pommel",
			"from": [8.25, 5, 7.25],
			"to": [7.25, 4, 8.25],
			"faces": {
				"north": {"uv": [7, 0, 7.5, 0.5], "texture": "#0"},
				"east": {"uv": [7, 0.5, 7.5, 1], "texture": "#0"},
				"south": {"uv": [7, 1, 7.5, 1.5], "texture": "#0"},
				"west": {"uv": [7, 1.5, 7.5, 2], "texture": "#0"},
				"up": {"uv": [2.5, 7.5, 2, 7], "texture": "#0"},
				"down": {"uv": [7.5, 2, 7, 2.5], "texture": "#0"}
			}
		},
		{
			"name": "pommel",
			"from": [8.25, 5, 7.75],
			"to": [7.25, 4, 8.75],
			"faces": {
				"north": {"uv": [2.5, 7, 3, 7.5], "texture": "#0"},
				"east": {"uv": [7, 2.5, 7.5, 3], "texture": "#0"},
				"south": {"uv": [3, 7, 3.5, 7.5], "texture": "#0"},
				"west": {"uv": [7, 3, 7.5, 3.5], "texture": "#0"},
				"up": {"uv": [4, 7.5, 3.5, 7], "texture": "#0"},
				"down": {"uv": [7.5, 3.5, 7, 4], "texture": "#0"}
			}
		},
		{
			"name": "pommel",
			"from": [8.75, 19, 7.75],
			"to": [7.75, 18, 8.75],
			"faces": {
				"north": {"uv": [4, 7, 4.5, 7.5], "texture": "#0"},
				"east": {"uv": [7, 4, 7.5, 4.5], "texture": "#0"},
				"south": {"uv": [4.5, 7, 5, 7.5], "texture": "#0"},
				"west": {"uv": [7, 4.5, 7.5, 5], "texture": "#0"},
				"up": {"uv": [5.5, 7.5, 5, 7], "texture": "#0"},
				"down": {"uv": [7.5, 5, 7, 5.5], "texture": "#0"}
			}
		},
		{
			"name": "pommel",
			"from": [8.75, 19, 7.25],
			"to": [7.75, 18, 8.25],
			"faces": {
				"north": {"uv": [5.5, 7, 6, 7.5], "texture": "#0"},
				"east": {"uv": [7, 5.5, 7.5, 6], "texture": "#0"},
				"south": {"uv": [6, 7, 6.5, 7.5], "texture": "#0"},
				"west": {"uv": [7, 6, 7.5, 6.5], "texture": "#0"},
				"up": {"uv": [7, 7.5, 6.5, 7], "texture": "#0"},
				"down": {"uv": [7.5, 6.5, 7, 7], "texture": "#0"}
			}
		},
		{
			"name": "pommel",
			"from": [8.25, 19, 7.25],
			"to": [7.25, 18, 8.25],
			"faces": {
				"north": {"uv": [7, 7, 7.5, 7.5], "texture": "#0"},
				"east": {"uv": [7.5, 0, 8, 0.5], "texture": "#0"},
				"south": {"uv": [7.5, 0.5, 8, 1], "texture": "#0"},
				"west": {"uv": [7.5, 1, 8, 1.5], "texture": "#0"},
				"up": {"uv": [8, 2, 7.5, 1.5], "texture": "#0"},
				"down": {"uv": [2.5, 7.5, 2, 8], "texture": "#0"}
			}
		},
		{
			"name": "pommel",
			"from": [8.25, 19, 7.75],
			"to": [7.25, 18, 8.75],
			"faces": {
				"north": {"uv": [7.5, 2, 8, 2.5], "texture": "#0"},
				"east": {"uv": [2.5, 7.5, 3, 8], "texture": "#0"},
				"south": {"uv": [7.5, 2.5, 8, 3], "texture": "#0"},
				"west": {"uv": [3, 7.5, 3.5, 8], "texture": "#0"},
				"up": {"uv": [8, 3.5, 7.5, 3], "texture": "#0"},
				"down": {"uv": [4, 7.5, 3.5, 8], "texture": "#0"}
			}
		},
		{
			"name": "pommel",
			"from": [8.75, 22.5, 7.75],
			"to": [7.75, 20.5, 8.75],
			"faces": {
				"north": {"uv": [4, 3, 4.5, 4], "texture": "#0"},
				"east": {"uv": [4, 4, 4.5, 5], "texture": "#0"},
				"south": {"uv": [4.5, 3, 5, 4], "texture": "#0"},
				"west": {"uv": [4.5, 4, 5, 5], "texture": "#0"},
				"up": {"uv": [8, 4, 7.5, 3.5], "texture": "#0"},
				"down": {"uv": [4.5, 7.5, 4, 8], "texture": "#0"}
			}
		},
		{
			"name": "pommel",
			"from": [8.75, 22.5, 7.25],
			"to": [7.75, 20.5, 8.25],
			"faces": {
				"north": {"uv": [5, 0, 5.5, 1], "texture": "#0"},
				"east": {"uv": [5, 1, 5.5, 2], "texture": "#0"},
				"south": {"uv": [2, 5, 2.5, 6], "texture": "#0"},
				"west": {"uv": [2.5, 5, 3, 6], "texture": "#0"},
				"up": {"uv": [8, 4.5, 7.5, 4], "texture": "#0"},
				"down": {"uv": [5, 7.5, 4.5, 8], "texture": "#0"}
			}
		},
		{
			"name": "pommel",
			"from": [8.25, 22.5, 7.25],
			"to": [7.25, 20.5, 8.25],
			"faces": {
				"north": {"uv": [3, 5, 3.5, 6], "texture": "#0"},
				"east": {"uv": [5, 3, 5.5, 4], "texture": "#0"},
				"south": {"uv": [3.5, 5, 4, 6], "texture": "#0"},
				"west": {"uv": [4, 5, 4.5, 6], "texture": "#0"},
				"up": {"uv": [8, 5, 7.5, 4.5], "texture": "#0"},
				"down": {"uv": [5.5, 7.5, 5, 8], "texture": "#0"}
			}
		},
		{
			"name": "pommel",
			"from": [8.25, 22.5, 7.75],
			"to": [7.25, 20.5, 8.75],
			"faces": {
				"north": {"uv": [5, 4, 5.5, 5], "texture": "#0"},
				"east": {"uv": [4.5, 5, 5, 6], "texture": "#0"},
				"south": {"uv": [5, 5, 5.5, 6], "texture": "#0"},
				"west": {"uv": [5.5, 0, 6, 1], "texture": "#0"},
				"up": {"uv": [8, 5.5, 7.5, 5], "texture": "#0"},
				"down": {"uv": [6, 7.5, 5.5, 8], "texture": "#0"}
			}
		},
		{
			"name": "pommel",
			"from": [7, 0, 7],
			"to": [9, 1, 9],
			"faces": {
				"north": {"uv": [5.5, 1, 6.5, 1.5], "texture": "#0"},
				"east": {"uv": [5.5, 1.5, 6.5, 2], "texture": "#0"},
				"south": {"uv": [5.5, 2, 6.5, 2.5], "texture": "#0"},
				"west": {"uv": [5.5, 2.5, 6.5, 3], "texture": "#0"},
				"up": {"uv": [5, 1, 4, 0], "texture": "#0"},
				"down": {"uv": [5, 1, 4, 2], "texture": "#0"}
			}
		},
		{
			"name": "main",
			"from": [6.5, 23, 7.5],
			"to": [9.5, 28, 8.5],
			"faces": {
				"north": {"uv": [2, 0, 3.5, 2.5], "texture": "#0"},
				"east": {"uv": [3.5, 0, 4, 2.5], "texture": "#0"},
				"south": {"uv": [2, 2.5, 3.5, 5], "texture": "#0"},
				"west": {"uv": [3.5, 2.5, 4, 5], "texture": "#0"},
				"up": {"uv": [5.5, 2.5, 4, 2], "texture": "#0"},
				"down": {"uv": [5.5, 2.5, 4, 3], "texture": "#0"}
			}
		},
		{
			"name": "mid",
			"from": [7, 28, 7.5],
			"to": [9, 29, 8.5],
			"faces": {
				"north": {"uv": [5.5, 3, 6.5, 3.5], "texture": "#0"},
				"east": {"uv": [7.5, 5.5, 8, 6], "texture": "#0"},
				"south": {"uv": [5.5, 3.5, 6.5, 4], "texture": "#0"},
				"west": {"uv": [6, 7.5, 6.5, 8], "texture": "#0"},
				"up": {"uv": [6.5, 4.5, 5.5, 4], "texture": "#0"},
				"down": {"uv": [6.5, 4.5, 5.5, 5], "texture": "#0"}
			}
		},
		{
			"name": "tip",
			"from": [7.5, 29, 7.5],
			"to": [8.5, 30, 8.5],
			"faces": {
				"north": {"uv": [7.5, 6, 8, 6.5], "texture": "#0"},
				"east": {"uv": [6.5, 7.5, 7, 8], "texture": "#0"},
				"south": {"uv": [7.5, 6.5, 8, 7], "texture": "#0"},
				"west": {"uv": [7, 7.5, 7.5, 8], "texture": "#0"},
				"up": {"uv": [8, 7.5, 7.5, 7], "texture": "#0"},
				"down": {"uv": [8, 7.5, 7.5, 8], "texture": "#0"}
			}
		},
		{
			"name": "side",
			"from": [9.25, 22.25, 7.5],
			"to": [10.25, 23.25, 8.5],
			"faces": {
				"north": {"uv": [8, 0, 8.5, 0.5], "texture": "#0"},
				"east": {"uv": [8, 0.5, 8.5, 1], "texture": "#0"},
				"south": {"uv": [8, 1, 8.5, 1.5], "texture": "#0"},
				"west": {"uv": [8, 1.5, 8.5, 2], "texture": "#0"},
				"up": {"uv": [2.5, 8.5, 2, 8], "texture": "#0"},
				"down": {"uv": [8.5, 2, 8, 2.5], "texture": "#0"}
			}
		},
		{
			"name": "side",
			"from": [9, 25.25, 7.5],
			"to": [10, 26.25, 8.5],
			"faces": {
				"north": {"uv": [2.5, 8, 3, 8.5], "texture": "#0"},
				"east": {"uv": [8, 2.5, 8.5, 3], "texture": "#0"},
				"south": {"uv": [3, 8, 3.5, 8.5], "texture": "#0"},
				"west": {"uv": [8, 3, 8.5, 3.5], "texture": "#0"},
				"up": {"uv": [4, 8.5, 3.5, 8], "texture": "#0"},
				"down": {"uv": [8.5, 3.5, 8, 4], "texture": "#0"}
			}
		},
		{
			"name": "side",
			"from": [5.75, 22.25, 7.5],
			"to": [6.75, 23.25, 8.5],
			"faces": {
				"north": {"uv": [4, 8, 4.5, 8.5], "texture": "#0"},
				"east": {"uv": [8, 4, 8.5, 4.5], "texture": "#0"},
				"south": {"uv": [4.5, 8, 5, 8.5], "texture": "#0"},
				"west": {"uv": [8, 4.5, 8.5, 5], "texture": "#0"},
				"up": {"uv": [5.5, 8.5, 5, 8], "texture": "#0"},
				"down": {"uv": [8.5, 5, 8, 5.5], "texture": "#0"}
			}
		},
		{
			"name": "side",
			"from": [6, 25.25, 7.5],
			"to": [7, 26.25, 8.5],
			"faces": {
				"north": {"uv": [5.5, 8, 6, 8.5], "texture": "#0"},
				"east": {"uv": [8, 5.5, 8.5, 6], "texture": "#0"},
				"south": {"uv": [6, 8, 6.5, 8.5], "texture": "#0"},
				"west": {"uv": [8, 6, 8.5, 6.5], "texture": "#0"},
				"up": {"uv": [7, 8.5, 6.5, 8], "texture": "#0"},
				"down": {"uv": [8.5, 6.5, 8, 7], "texture": "#0"}
			}
		}
	],
	"display": {
		"thirdperson_righthand": {
			"rotation": [0, 91, 0],
			"translation": [0, -4, 1.25],
			"scale": [1, 1.5, 1]
		},
		"thirdperson_lefthand": {
			"rotation": [0, 91, 0],
			"translation": [0, -4, 1.25],
			"scale": [1, 1.5, 1]
		},
		"firstperson_righthand": {
			"rotation": [-27, 118, 0]
		},
		"firstperson_lefthand": {
			"rotation": [-27, 113, 0]
		},
		"ground": {
			"rotation": [90, 0, 0],
			"translation": [0, 0, -6.5]
		},
		"gui": {
			"rotation": [0, 0, -44],
			"translation": [-4.5, -5.5, 0]
		},
		"fixed": {
			"rotation": [0, 0, 40],
			"translation": [4.5, -6, 0]
		}
	},
	"groups": [
		{
			"name": "gold spear",
			"origin": [8, 8, 8],
			"color": 0,
			"children": [
				{
					"name": "handle",
					"origin": [8, 8, 8],
					"color": 0,
					"children": [
						0,
						{
							"name": "ring1",
							"origin": [0, 0, 0],
							"color": 0,
							"children": [1, 2, 3, 4]
						},
						{
							"name": "ring2",
							"origin": [0, 0, 0],
							"color": 0,
							"children": [5, 6, 7, 8]
						},
						{
							"name": "ring3",
							"origin": [0, 0, 0],
							"color": 0,
							"children": [9, 10, 11, 12]
						},
						{
							"name": "ring3",
							"origin": [0, 0, 0],
							"color": 0,
							"children": [13, 14, 15, 16]
						}
					]
				},
				{
					"name": "pommel",
					"origin": [0, 0, 0],
					"color": 0,
					"children": [17]
				},
				{
					"name": "blade",
					"origin": [0, 0, 0],
					"color": 0,
					"children": [18, 19, 20, 21, 22, 23, 24]
				}
			]
		}
	]
}