{
	"credit": "Made with Blockbench",
	"texture_size": [32, 32],
	"textures": {
		"0": "block/iron spear",
		"particle": "block/iron spear"
	},
	"elements": [
		{
			"name": "lonk stick",
			"from": [7.5, 1, 7.5],
			"to": [8.5, 23, 8.5],
			"faces": {
				"north": {"uv": [0, 0, 0.5, 11], "texture": "#0"},
				"east": {"uv": [0.5, 0, 1, 11], "texture": "#0"},
				"south": {"uv": [1, 0, 1.5, 11], "texture": "#0"},
				"west": {"uv": [1.5, 0, 2, 11], "texture": "#0"},
				"up": {"uv": [5.5, 2.5, 5, 2], "texture": "#0"},
				"down": {"uv": [3, 5, 2.5, 5.5], "texture": "#0"}
			}
		},
		{
			"name": "pommel",
			"from": [7, 0, 7],
			"to": [9, 1, 9],
			"faces": {
				"north": {"uv": [4, 3.5, 5, 4], "texture": "#0"},
				"east": {"uv": [4.5, 0, 5.5, 0.5], "texture": "#0"},
				"south": {"uv": [4.5, 0.5, 5.5, 1], "texture": "#0"},
				"west": {"uv": [4.5, 1, 5.5, 1.5], "texture": "#0"},
				"up": {"uv": [4.5, 1, 3.5, 0], "texture": "#0"},
				"down": {"uv": [4.5, 1, 3.5, 2], "texture": "#0"}
			}
		},
		{
			"name": "main",
			"from": [6.5, 23, 7.5],
			"to": [9.5, 27, 8.5],
			"faces": {
				"north": {"uv": [2, 0, 3.5, 2], "texture": "#0"},
				"east": {"uv": [3.5, 2, 4, 4], "texture": "#0"},
				"south": {"uv": [2, 2, 3.5, 4], "texture": "#0"},
				"west": {"uv": [2, 4, 2.5, 6], "texture": "#0"},
				"up": {"uv": [5.5, 3.5, 4, 3], "texture": "#0"},
				"down": {"uv": [5, 4, 3.5, 4.5], "texture": "#0"}
			}
		},
		{
			"name": "mid",
			"from": [7, 27, 7.5],
			"to": [9, 29, 8.5],
			"faces": {
				"north": {"uv": [4, 2, 5, 3], "texture": "#0"},
				"east": {"uv": [3.5, 4.5, 4, 5.5], "texture": "#0"},
				"south": {"uv": [2.5, 4, 3.5, 5], "texture": "#0"},
				"west": {"uv": [4, 4.5, 4.5, 5.5], "texture": "#0"},
				"up": {"uv": [5.5, 2, 4.5, 1.5], "texture": "#0"},
				"down": {"uv": [5.5, 4.5, 4.5, 5], "texture": "#0"}
			}
		},
		{
			"name": "tip",
			"from": [7.5, 29, 7.5],
			"to": [8.5, 30, 8.5],
			"faces": {
				"north": {"uv": [5, 2.5, 5.5, 3], "texture": "#0"},
				"east": {"uv": [3, 5, 3.5, 5.5], "texture": "#0"},
				"south": {"uv": [5, 3.5, 5.5, 4], "texture": "#0"},
				"west": {"uv": [5, 4, 5.5, 4.5], "texture": "#0"},
				"up": {"uv": [5, 5.5, 4.5, 5], "texture": "#0"},
				"down": {"uv": [5.5, 5, 5, 5.5], "texture": "#0"}
			}
		},
		{
			"name": "side",
			"from": [9.25, 22.25, 7.5],
			"to": [10.25, 23.25, 8.5],
			"faces": {
				"north": {"uv": [5.5, 0, 6, 0.5], "texture": "#0"},
				"east": {"uv": [5.5, 0.5, 6, 1], "texture": "#0"},
				"south": {"uv": [5.5, 1, 6, 1.5], "texture": "#0"},
				"west": {"uv": [5.5, 1.5, 6, 2], "texture": "#0"},
				"up": {"uv": [6, 2.5, 5.5, 2], "texture": "#0"},
				"down": {"uv": [3, 5.5, 2.5, 6], "texture": "#0"}
			}
		},
		{
			"name": "side",
			"from": [5.75, 22.25, 7.5],
			"to": [6.75, 23.25, 8.5],
			"faces": {
				"north": {"uv": [5.5, 2.5, 6, 3], "texture": "#0"},
				"east": {"uv": [3, 5.5, 3.5, 6], "texture": "#0"},
				"south": {"uv": [5.5, 3, 6, 3.5], "texture": "#0"},
				"west": {"uv": [3.5, 5.5, 4, 6], "texture": "#0"},
				"up": {"uv": [6, 4, 5.5, 3.5], "texture": "#0"},
				"down": {"uv": [4.5, 5.5, 4, 6], "texture": "#0"}
			}
		}
	],
	"display": {
		"thirdperson_righthand": {
			"rotation": [0, 91, 0],
			"translation": [0, -4, 1.25],
			"scale": [1, 1.5, 1]
		},
		"thirdperson_lefthand": {
			"rotation": [0, 91, 0],
			"translation": [0, -4, 1.25],
			"scale": [1, 1.5, 1]
		},
		"firstperson_righthand": {
			"rotation": [-27, 118, 0]
		},
		"firstperson_lefthand": {
			"rotation": [-27, 113, 0]
		},
		"ground": {
			"rotation": [90, 0, 0],
			"translation": [0, 0, -6.5]
		},
		"gui": {
			"rotation": [0, 0, -44],
			"translation": [-4.5, -5.5, 0]
		},
		"fixed": {
			"rotation": [0, 0, 40],
			"translation": [4.5, -6, 0]
		}
	},
	"groups": [
		{
			"name": "iron spear",
			"origin": [8, 8, 8],
			"color": 0,
			"children": [
				{
					"name": "handle",
					"origin": [8, 8, 8],
					"color": 0,
					"children": [0]
				},
				{
					"name": "pommel",
					"origin": [0, 0, 0],
					"color": 0,
					"children": [1]
				},
				{
					"name": "blade",
					"origin": [0, 0, 0],
					"color": 0,
					"children": [2, 3, 4, 5, 6]
				}
			]
		}
	]
}