{
	"credit": "Made with Blockbench",
	"textures": {
		"0": "block/iron dagger",
		"particle": "block/iron dagger"
	},
	"elements": [
		{
			"name": "Handle",
			"from": [7.5, 2, 8],
			"to": [8.5, 5, 9],
			"rotation": {"angle": 0, "axis": "y", "origin": [0, 2, 0]},
			"faces": {
				"north": {"uv": [6, 0, 7, 3], "texture": "#0"},
				"east": {"uv": [6, 3, 7, 6], "texture": "#0"},
				"south": {"uv": [6, 6, 7, 9], "texture": "#0"},
				"west": {"uv": [0, 7, 1, 10], "texture": "#0"},
				"up": {"uv": [4, 10, 3, 9], "texture": "#0"},
				"down": {"uv": [10, 3, 9, 4], "texture": "#0"}
			}
		},
		{
			"name": "Handle",
			"from": [7.5, 12.5, 8],
			"to": [8.5, 13.5, 9],
			"rotation": {"angle": 0, "axis": "y", "origin": [0, 2, 0]},
			"faces": {
				"north": {"uv": [4, 9, 5, 10], "texture": "#0"},
				"east": {"uv": [9, 4, 10, 5], "texture": "#0"},
				"south": {"uv": [5, 9, 6, 10], "texture": "#0"},
				"west": {"uv": [9, 5, 10, 6], "texture": "#0"},
				"up": {"uv": [7, 10, 6, 9], "texture": "#0"},
				"down": {"uv": [10, 6, 9, 7], "texture": "#0"}
			}
		},
		{
			"name": "pommel",
			"from": [7.75, 0, 8.25],
			"to": [8.75, 2, 9.25],
			"rotation": {"angle": 0, "axis": "y", "origin": [0, 1, 0]},
			"faces": {
				"north": {"uv": [7, 0, 8, 2], "texture": "#0"},
				"east": {"uv": [1, 7, 2, 9], "texture": "#0"},
				"south": {"uv": [2, 7, 3, 9], "texture": "#0"},
				"west": {"uv": [7, 2, 8, 4], "texture": "#0"},
				"up": {"uv": [10, 8, 9, 7], "texture": "#0"},
				"down": {"uv": [10, 8, 9, 9], "texture": "#0"}
			}
		},
		{
			"name": "pommel",
			"from": [7.75, 0, 7.75],
			"to": [8.75, 2, 8.75],
			"rotation": {"angle": 0, "axis": "y", "origin": [0, 1, 0]},
			"faces": {
				"north": {"uv": [3, 7, 4, 9], "texture": "#0"},
				"east": {"uv": [4, 7, 5, 9], "texture": "#0"},
				"south": {"uv": [7, 4, 8, 6], "texture": "#0"},
				"west": {"uv": [5, 7, 6, 9], "texture": "#0"},
				"up": {"uv": [10, 10, 9, 9], "texture": "#0"},
				"down": {"uv": [1, 10, 0, 11], "texture": "#0"}
			}
		},
		{
			"name": "pommel",
			"from": [7.25, 0, 7.75],
			"to": [8.25, 2, 8.75],
			"rotation": {"angle": 0, "axis": "y", "origin": [0, 1, 0]},
			"faces": {
				"north": {"uv": [7, 6, 8, 8], "texture": "#0"},
				"east": {"uv": [8, 0, 9, 2], "texture": "#0"},
				"south": {"uv": [8, 2, 9, 4], "texture": "#0"},
				"west": {"uv": [8, 4, 9, 6], "texture": "#0"},
				"up": {"uv": [11, 1, 10, 0], "texture": "#0"},
				"down": {"uv": [2, 10, 1, 11], "texture": "#0"}
			}
		},
		{
			"name": "pommel",
			"from": [7.25, 0, 8.25],
			"to": [8.25, 2, 9.25],
			"rotation": {"angle": 0, "axis": "y", "origin": [0, 1, 0]},
			"faces": {
				"north": {"uv": [8, 6, 9, 8], "texture": "#0"},
				"east": {"uv": [7, 8, 8, 10], "texture": "#0"},
				"south": {"uv": [8, 8, 9, 10], "texture": "#0"},
				"west": {"uv": [9, 0, 10, 2], "texture": "#0"},
				"up": {"uv": [11, 2, 10, 1], "texture": "#0"},
				"down": {"uv": [3, 10, 2, 11], "texture": "#0"}
			}
		},
		{
			"name": "pommel",
			"from": [8, 4.5, 8.25],
			"to": [9, 5.5, 9.25],
			"rotation": {"angle": 0, "axis": "y", "origin": [0, 1, 0]},
			"faces": {
				"north": {"uv": [3, 10, 4, 11], "texture": "#0"},
				"east": {"uv": [10, 3, 11, 4], "texture": "#0"},
				"south": {"uv": [4, 10, 5, 11], "texture": "#0"},
				"west": {"uv": [10, 4, 11, 5], "texture": "#0"},
				"up": {"uv": [6, 11, 5, 10], "texture": "#0"},
				"down": {"uv": [11, 5, 10, 6], "texture": "#0"}
			}
		},
		{
			"name": "pommel",
			"from": [8, 4.5, 7.75],
			"to": [9, 5.5, 8.75],
			"rotation": {"angle": 0, "axis": "y", "origin": [0, 1, 0]},
			"faces": {
				"north": {"uv": [6, 10, 7, 11], "texture": "#0"},
				"east": {"uv": [10, 6, 11, 7], "texture": "#0"},
				"south": {"uv": [7, 10, 8, 11], "texture": "#0"},
				"west": {"uv": [10, 7, 11, 8], "texture": "#0"},
				"up": {"uv": [9, 11, 8, 10], "texture": "#0"},
				"down": {"uv": [11, 8, 10, 9], "texture": "#0"}
			}
		},
		{
			"name": "pommel",
			"from": [7, 4.5, 8.25],
			"to": [8, 5.5, 9.25],
			"rotation": {"angle": 0, "axis": "y", "origin": [0, 1, 0]},
			"faces": {
				"north": {"uv": [9, 10, 10, 11], "texture": "#0"},
				"east": {"uv": [10, 9, 11, 10], "texture": "#0"},
				"south": {"uv": [10, 10, 11, 11], "texture": "#0"},
				"west": {"uv": [0, 11, 1, 12], "texture": "#0"},
				"up": {"uv": [12, 1, 11, 0], "texture": "#0"},
				"down": {"uv": [2, 11, 1, 12], "texture": "#0"}
			}
		},
		{
			"name": "pommel",
			"from": [7, 4.5, 7.75],
			"to": [8, 5.5, 8.75],
			"rotation": {"angle": 0, "axis": "y", "origin": [0, 1, 0]},
			"faces": {
				"north": {"uv": [11, 1, 12, 2], "texture": "#0"},
				"east": {"uv": [2, 11, 3, 12], "texture": "#0"},
				"south": {"uv": [11, 2, 12, 3], "texture": "#0"},
				"west": {"uv": [3, 11, 4, 12], "texture": "#0"},
				"up": {"uv": [12, 4, 11, 3], "texture": "#0"},
				"down": {"uv": [5, 11, 4, 12], "texture": "#0"}
			}
		},
		{
			"name": "Shaft",
			"from": [7, 5.5, 8],
			"to": [9, 12.5, 9],
			"rotation": {"angle": 0, "axis": "y", "origin": [0, 2, 0]},
			"faces": {
				"north": {"uv": [0, 0, 2, 7], "texture": "#0"},
				"east": {"uv": [4, 0, 5, 7], "texture": "#0"},
				"south": {"uv": [2, 0, 4, 7], "texture": "#0"},
				"west": {"uv": [5, 0, 6, 7], "texture": "#0"},
				"up": {"uv": [3, 10, 1, 9], "texture": "#0"},
				"down": {"uv": [11, 2, 9, 3], "texture": "#0"}
			}
		}
	],
	"display": {
		"thirdperson_righthand": {
			"rotation": [-180, 91, 0],
			"translation": [-1, -7.5, 1]
		},
		"thirdperson_lefthand": {
			"rotation": [-180, 91, 0],
			"translation": [-1, -7.5, 1]
		},
		"firstperson_righthand": {
			"rotation": [-17, 93, 0],
			"translation": [0, 5, 0]
		},
		"firstperson_lefthand": {
			"rotation": [-17, 93, 0],
			"translation": [0, 5, 0.75]
		},
		"ground": {
			"rotation": [90, 0, 0],
			"translation": [0, 0, 1.75]
		},
		"gui": {
			"rotation": [0, 0, -45],
			"translation": [1.5, 1.75, 0],
			"scale": [1.5, 1.5, 1.5]
		},
		"fixed": {
			"rotation": [0, 0, 44],
			"translation": [-1.25, 1, 0],
			"scale": [1.5, 1.5, 1.5]
		}
	},
	"groups": [
		{
			"name": "iron dagger",
			"origin": [8, 16, 8],
			"color": 0,
			"children": [
				{
					"name": "Handle",
					"origin": [0, 0, 0],
					"color": 0,
					"children": [0, 1]
				},
				{
					"name": "hilt",
					"origin": [0, 1, 0],
					"color": 0,
					"children": []
				},
				{
					"name": "Pommel",
					"origin": [0, 0, 0],
					"color": 0,
					"children": [2, 3, 4, 5, 6, 7, 8, 9]
				},
				{
					"name": "Blade",
					"origin": [8, 16, 8],
					"color": 0,
					"children": [10]
				}
			]
		}
	]
}