{
	"credit": "Made with Blockbench",
	"texture_size": [32, 32],
	"textures": {
		"0": "block/netherite spear",
		"particle": "block/netherite spear"
	},
	"elements": [
		{
			"name": "lonk stick",
			"from": [7.5, 1, 7.5],
			"to": [8.5, 19, 8.5],
			"faces": {
				"north": {"uv": [0, 2.5, 0.5, 11.5], "texture": "#0"},
				"east": {"uv": [0.5, 2.5, 1, 11.5], "texture": "#0"},
				"south": {"uv": [1, 2.5, 1.5, 11.5], "texture": "#0"},
				"west": {"uv": [1.5, 2.5, 2, 11.5], "texture": "#0"},
				"up": {"uv": [4.5, 2.5, 4, 2], "texture": "#0"},
				"down": {"uv": [5, 4, 4.5, 4.5], "texture": "#0"}
			}
		},
		{
			"name": "pommel",
			"from": [7, 0, 7],
			"to": [9, 2, 9],
			"faces": {
				"north": {"uv": [2, 6, 3, 7], "texture": "#0"},
				"east": {"uv": [3, 6, 4, 7], "texture": "#0"},
				"south": {"uv": [6, 3, 7, 4], "texture": "#0"},
				"west": {"uv": [5, 6, 6, 7], "texture": "#0"},
				"up": {"uv": [7, 7, 6, 6], "texture": "#0"},
				"down": {"uv": [7.5, 0.5, 6.5, 1.5], "texture": "#0"}
			}
		},
		{
			"name": "pommel",
			"from": [7, 19, 7],
			"to": [9, 20, 9],
			"faces": {
				"north": {"uv": [7, 6.5, 8, 7], "texture": "#0"},
				"east": {"uv": [7, 7, 8, 7.5], "texture": "#0"},
				"south": {"uv": [7.5, 0.5, 8.5, 1], "texture": "#0"},
				"west": {"uv": [7.5, 1, 8.5, 1.5], "texture": "#0"},
				"up": {"uv": [7.5, 2.5, 6.5, 1.5], "texture": "#0"},
				"down": {"uv": [7.5, 4, 6.5, 5], "texture": "#0"}
			}
		},
		{
			"name": "pommel",
			"from": [6.5, 20, 7],
			"to": [9.5, 22, 9],
			"faces": {
				"north": {"uv": [2, 4.5, 3.5, 5.5], "texture": "#0"},
				"east": {"uv": [6.5, 5, 7.5, 6], "texture": "#0"},
				"south": {"uv": [4.5, 2, 6, 3], "texture": "#0"},
				"west": {"uv": [2, 7, 3, 8], "texture": "#0"},
				"up": {"uv": [6, 4, 4.5, 3], "texture": "#0"},
				"down": {"uv": [5, 4.5, 3.5, 5.5], "texture": "#0"}
			}
		},
		{
			"name": "pommel",
			"from": [6, 22, 7],
			"to": [10, 23, 9],
			"faces": {
				"north": {"uv": [6.5, 2.5, 8.5, 3], "texture": "#0"},
				"east": {"uv": [7.5, 1.5, 8.5, 2], "texture": "#0"},
				"south": {"uv": [7, 3, 9, 3.5], "texture": "#0"},
				"west": {"uv": [7.5, 2, 8.5, 2.5], "texture": "#0"},
				"up": {"uv": [6, 1, 4, 0], "texture": "#0"},
				"down": {"uv": [6, 1, 4, 2], "texture": "#0"}
			}
		},
		{
			"name": "pommel",
			"from": [5.5, 23, 7],
			"to": [10.5, 24, 9],
			"faces": {
				"north": {"uv": [2, 5.5, 4.5, 6], "texture": "#0"},
				"east": {"uv": [3, 7.5, 4, 8], "texture": "#0"},
				"south": {"uv": [6, 0, 8.5, 0.5], "texture": "#0"},
				"west": {"uv": [7.5, 4, 8.5, 4.5], "texture": "#0"},
				"up": {"uv": [4.5, 3.5, 2, 2.5], "texture": "#0"},
				"down": {"uv": [4.5, 3.5, 2, 4.5], "texture": "#0"}
			}
		},
		{
			"name": "main",
			"from": [6, 24, 7.5],
			"to": [10, 29, 8.5],
			"faces": {
				"north": {"uv": [0, 0, 2, 2.5], "texture": "#0"},
				"east": {"uv": [4.5, 5.5, 5, 8], "texture": "#0"},
				"south": {"uv": [2, 0, 4, 2.5], "texture": "#0"},
				"west": {"uv": [6, 0.5, 6.5, 3], "texture": "#0"},
				"up": {"uv": [9, 4, 7, 3.5], "texture": "#0"},
				"down": {"uv": [7, 7, 5, 7.5], "texture": "#0"}
			}
		},
		{
			"name": "mid",
			"from": [6, 29, 7.5],
			"to": [9, 31, 8.5],
			"faces": {
				"north": {"uv": [5, 4, 6.5, 5], "texture": "#0"},
				"east": {"uv": [4, 6, 4.5, 7], "texture": "#0"},
				"south": {"uv": [5, 5, 6.5, 6], "texture": "#0"},
				"west": {"uv": [4, 7.5, 4.5, 8.5], "texture": "#0"},
				"up": {"uv": [4.5, 7.5, 3, 7], "texture": "#0"},
				"down": {"uv": [8.5, 6, 7, 6.5], "texture": "#0"}
			}
		},
		{
			"name": "tip",
			"from": [6, 31, 7.5],
			"to": [8, 32, 8.5],
			"faces": {
				"north": {"uv": [7.5, 4.5, 8.5, 5], "texture": "#0"},
				"east": {"uv": [6, 7.5, 6.5, 8], "texture": "#0"},
				"south": {"uv": [5, 7.5, 6, 8], "texture": "#0"},
				"west": {"uv": [6.5, 7.5, 7, 8], "texture": "#0"},
				"up": {"uv": [8.5, 5.5, 7.5, 5], "texture": "#0"},
				"down": {"uv": [8.5, 5.5, 7.5, 6], "texture": "#0"}
			}
		}
	],
	"display": {
		"thirdperson_righthand": {
			"rotation": [0, 91, 0],
			"translation": [0, -4, 1.25],
			"scale": [1, 2.5, 1]
		},
		"thirdperson_lefthand": {
			"rotation": [0, 91, 0],
			"translation": [0, -4, 1.25],
			"scale": [1, 2.5, 1]
		},
		"firstperson_righthand": {
			"rotation": [-49, 91, 0],
			"translation": [3.75, -1.25, 2],
			"scale": [1, 2.5, 1]
		},
		"firstperson_lefthand": {
			"rotation": [-49, -91, 0],
			"translation": [3.75, -1.25, 2],
			"scale": [1, 2.5, 1]
		},
		"ground": {
			"rotation": [90, 0, 0],
			"translation": [0, 0, -19.5],
			"scale": [1, 2.5, 1]
		},
		"gui": {
			"rotation": [0, 0, -44],
			"translation": [-4.5, -5.5, 0]
		},
		"fixed": {
			"rotation": [0, 0, 40],
			"translation": [5.25, -6, 0]
		}
	},
	"groups": [
		{
			"name": "whitebeard spear",
			"origin": [8, 8, 8],
			"color": 0,
			"children": [
				{
					"name": "handle",
					"origin": [8, 8, 8],
					"color": 0,
					"children": [0]
				},
				{
					"name": "pommel",
					"origin": [0, 0, 0],
					"color": 0,
					"children": [1, 2, 3, 4, 5]
				},
				{
					"name": "blade",
					"origin": [0, 0, 0],
					"color": 0,
					"children": [6, 7, 8]
				}
			]
		}
	]
}