{
	"credit": "Made with Blockbench",
	"textures": {
		"0": "block/netherite dagger",
		"particle": "block/netherite dagger"
	},
	"elements": [
		{
			"name": "Handle",
			"from": [7.5, 2.75, 8],
			"to": [8.5, 6.75, 9],
			"rotation": {"angle": 0, "axis": "y", "origin": [0, 2, 0]},
			"faces": {
				"north": {"uv": [0, 3, 1, 7], "texture": "#0"},
				"east": {"uv": [1, 3, 2, 7], "texture": "#0"},
				"south": {"uv": [2, 3, 3, 7], "texture": "#0"},
				"west": {"uv": [3, 3, 4, 7], "texture": "#0"},
				"up": {"uv": [11, 1, 10, 0], "texture": "#0"},
				"down": {"uv": [11, 1, 10, 2], "texture": "#0"}
			}
		},
		{
			"name": "pommel",
			"from": [7.25, 0.75, 8],
			"to": [8.25, 2.75, 9],
			"rotation": {"angle": 0, "axis": "y", "origin": [0, 1, 0]},
			"faces": {
				"north": {"uv": [5, 6, 6, 8], "texture": "#0"},
				"east": {"uv": [6, 5, 7, 7], "texture": "#0"},
				"south": {"uv": [0, 7, 1, 9], "texture": "#0"},
				"west": {"uv": [1, 7, 2, 9], "texture": "#0"},
				"up": {"uv": [4, 11, 3, 10], "texture": "#0"},
				"down": {"uv": [5, 10, 4, 11], "texture": "#0"}
			}
		},
		{
			"name": "pommel",
			"from": [6.5, 6.25, 7.75],
			"to": [8.5, 7.25, 8.75],
			"rotation": {"angle": 0, "axis": "y", "origin": [0, 1, 0]},
			"faces": {
				"north": {"uv": [2, 7, 4, 8], "texture": "#0"},
				"east": {"uv": [5, 10, 6, 11], "texture": "#0"},
				"south": {"uv": [7, 2, 9, 3], "texture": "#0"},
				"west": {"uv": [10, 5, 11, 6], "texture": "#0"},
				"up": {"uv": [9, 4, 7, 3], "texture": "#0"},
				"down": {"uv": [9, 4, 7, 5], "texture": "#0"}
			}
		},
		{
			"name": "pommel",
			"from": [8.5, 6.25, 7.75],
			"to": [9.5, 7.25, 8.75],
			"rotation": {"angle": 0, "axis": "y", "origin": [0, 1, 0]},
			"faces": {
				"north": {"uv": [10, 6, 11, 7], "texture": "#0"},
				"east": {"uv": [10, 7, 11, 8], "texture": "#0"},
				"south": {"uv": [8, 10, 9, 11], "texture": "#0"},
				"west": {"uv": [9, 10, 10, 11], "texture": "#0"},
				"up": {"uv": [11, 11, 10, 10], "texture": "#0"},
				"down": {"uv": [1, 11, 0, 12], "texture": "#0"}
			}
		},
		{
			"name": "pommel",
			"from": [8.5, 6.25, 8.25],
			"to": [9.5, 7.25, 9.25],
			"rotation": {"angle": 0, "axis": "y", "origin": [0, 1, 0]},
			"faces": {
				"north": {"uv": [11, 0, 12, 1], "texture": "#0"},
				"east": {"uv": [1, 11, 2, 12], "texture": "#0"},
				"south": {"uv": [11, 1, 12, 2], "texture": "#0"},
				"west": {"uv": [2, 11, 3, 12], "texture": "#0"},
				"up": {"uv": [12, 3, 11, 2], "texture": "#0"},
				"down": {"uv": [4, 11, 3, 12], "texture": "#0"}
			}
		},
		{
			"name": "pommel",
			"from": [9.25, 7, 7.75],
			"to": [10.25, 8, 8.75],
			"rotation": {"angle": 0, "axis": "y", "origin": [0, 1, 0]},
			"faces": {
				"north": {"uv": [11, 3, 12, 4], "texture": "#0"},
				"east": {"uv": [4, 11, 5, 12], "texture": "#0"},
				"south": {"uv": [11, 4, 12, 5], "texture": "#0"},
				"west": {"uv": [5, 11, 6, 12], "texture": "#0"},
				"up": {"uv": [12, 6, 11, 5], "texture": "#0"},
				"down": {"uv": [7, 11, 6, 12], "texture": "#0"}
			}
		},
		{
			"name": "pommel",
			"from": [5.75, 7, 8],
			"to": [6.75, 9, 9],
			"rotation": {"angle": 0, "axis": "y", "origin": [0, 1, 0]},
			"faces": {
				"north": {"uv": [7, 5, 8, 7], "texture": "#0"},
				"east": {"uv": [6, 7, 7, 9], "texture": "#0"},
				"south": {"uv": [7, 7, 8, 9], "texture": "#0"},
				"west": {"uv": [8, 0, 9, 2], "texture": "#0"},
				"up": {"uv": [12, 7, 11, 6], "texture": "#0"},
				"down": {"uv": [8, 11, 7, 12], "texture": "#0"}
			}
		},
		{
			"name": "pommel",
			"from": [9.25, 7, 8.25],
			"to": [10.25, 8, 9.25],
			"rotation": {"angle": 0, "axis": "y", "origin": [0, 1, 0]},
			"faces": {
				"north": {"uv": [11, 7, 12, 8], "texture": "#0"},
				"east": {"uv": [8, 11, 9, 12], "texture": "#0"},
				"south": {"uv": [11, 8, 12, 9], "texture": "#0"},
				"west": {"uv": [9, 11, 10, 12], "texture": "#0"},
				"up": {"uv": [12, 10, 11, 9], "texture": "#0"},
				"down": {"uv": [11, 11, 10, 12], "texture": "#0"}
			}
		},
		{
			"name": "pommel",
			"from": [6.5, 6.25, 8.25],
			"to": [8.5, 7.25, 9.25],
			"rotation": {"angle": 0, "axis": "y", "origin": [0, 1, 0]},
			"faces": {
				"north": {"uv": [2, 8, 4, 9], "texture": "#0"},
				"east": {"uv": [11, 10, 12, 11], "texture": "#0"},
				"south": {"uv": [8, 5, 10, 6], "texture": "#0"},
				"west": {"uv": [11, 11, 12, 12], "texture": "#0"},
				"up": {"uv": [10, 7, 8, 6], "texture": "#0"},
				"down": {"uv": [10, 7, 8, 8], "texture": "#0"}
			}
		},
		{
			"name": "pommel",
			"from": [7.5, 0, 8.25],
			"to": [8.5, 1, 9.25],
			"rotation": {"angle": 0, "axis": "y", "origin": [0, 1, 0]},
			"faces": {
				"north": {"uv": [0, 12, 1, 13], "texture": "#0"},
				"east": {"uv": [12, 0, 13, 1], "texture": "#0"},
				"south": {"uv": [1, 12, 2, 13], "texture": "#0"},
				"west": {"uv": [12, 1, 13, 2], "texture": "#0"},
				"up": {"uv": [3, 13, 2, 12], "texture": "#0"},
				"down": {"uv": [13, 2, 12, 3], "texture": "#0"}
			}
		},
		{
			"name": "pommel",
			"from": [7.5, 0, 7.75],
			"to": [8.5, 1, 8.75],
			"rotation": {"angle": 0, "axis": "y", "origin": [0, 1, 0]},
			"faces": {
				"north": {"uv": [3, 12, 4, 13], "texture": "#0"},
				"east": {"uv": [12, 3, 13, 4], "texture": "#0"},
				"south": {"uv": [4, 12, 5, 13], "texture": "#0"},
				"west": {"uv": [12, 4, 13, 5], "texture": "#0"},
				"up": {"uv": [6, 13, 5, 12], "texture": "#0"},
				"down": {"uv": [13, 5, 12, 6], "texture": "#0"}
			}
		},
		{
			"name": "pommel",
			"from": [7, 0, 7.75],
			"to": [8, 1, 8.75],
			"rotation": {"angle": 0, "axis": "y", "origin": [0, 1, 0]},
			"faces": {
				"north": {"uv": [6, 12, 7, 13], "texture": "#0"},
				"east": {"uv": [12, 6, 13, 7], "texture": "#0"},
				"south": {"uv": [7, 12, 8, 13], "texture": "#0"},
				"west": {"uv": [12, 7, 13, 8], "texture": "#0"},
				"up": {"uv": [9, 13, 8, 12], "texture": "#0"},
				"down": {"uv": [13, 8, 12, 9], "texture": "#0"}
			}
		},
		{
			"name": "pommel",
			"from": [7, 0, 8.25],
			"to": [8, 1, 9.25],
			"rotation": {"angle": 0, "axis": "y", "origin": [0, 1, 0]},
			"faces": {
				"north": {"uv": [9, 12, 10, 13], "texture": "#0"},
				"east": {"uv": [12, 9, 13, 10], "texture": "#0"},
				"south": {"uv": [10, 12, 11, 13], "texture": "#0"},
				"west": {"uv": [12, 10, 13, 11], "texture": "#0"},
				"up": {"uv": [12, 13, 11, 12], "texture": "#0"},
				"down": {"uv": [13, 11, 12, 12], "texture": "#0"}
			}
		},
		{
			"name": "tip",
			"from": [6.5, 14.25, 8],
			"to": [7.5, 16.25, 9],
			"rotation": {"angle": 0, "axis": "y", "origin": [0, 2, 0]},
			"faces": {
				"north": {"uv": [5, 8, 6, 10], "texture": "#0"},
				"east": {"uv": [8, 8, 9, 10], "texture": "#0"},
				"south": {"uv": [0, 9, 1, 11], "texture": "#0"},
				"west": {"uv": [9, 0, 10, 2], "texture": "#0"},
				"up": {"uv": [13, 13, 12, 12], "texture": "#0"},
				"down": {"uv": [1, 13, 0, 14], "texture": "#0"}
			}
		},
		{
			"name": "tip",
			"from": [5.5, 15.25, 8],
			"to": [6.5, 16.25, 9],
			"rotation": {"angle": 0, "axis": "y", "origin": [0, 2, 0]},
			"faces": {
				"north": {"uv": [13, 0, 14, 1], "texture": "#0"},
				"east": {"uv": [1, 13, 2, 14], "texture": "#0"},
				"south": {"uv": [13, 1, 14, 2], "texture": "#0"},
				"west": {"uv": [2, 13, 3, 14], "texture": "#0"},
				"up": {"uv": [14, 3, 13, 2], "texture": "#0"},
				"down": {"uv": [4, 13, 3, 14], "texture": "#0"}
			}
		},
		{
			"name": "tip",
			"from": [7.5, 14.25, 8],
			"to": [8.5, 15.25, 9],
			"rotation": {"angle": 0, "axis": "y", "origin": [0, 2, 0]},
			"faces": {
				"north": {"uv": [13, 3, 14, 4], "texture": "#0"},
				"east": {"uv": [4, 13, 5, 14], "texture": "#0"},
				"south": {"uv": [13, 4, 14, 5], "texture": "#0"},
				"west": {"uv": [5, 13, 6, 14], "texture": "#0"},
				"up": {"uv": [14, 6, 13, 5], "texture": "#0"},
				"down": {"uv": [7, 13, 6, 14], "texture": "#0"}
			}
		},
		{
			"name": "blade",
			"from": [7, 7.25, 8],
			"to": [9, 9.25, 9],
			"rotation": {"angle": 0, "axis": "y", "origin": [0, 2, 0]},
			"faces": {
				"north": {"uv": [4, 0, 6, 2], "texture": "#0"},
				"east": {"uv": [1, 9, 2, 11], "texture": "#0"},
				"south": {"uv": [4, 2, 6, 4], "texture": "#0"},
				"west": {"uv": [2, 9, 3, 11], "texture": "#0"},
				"up": {"uv": [11, 3, 9, 2], "texture": "#0"},
				"down": {"uv": [5, 9, 3, 10], "texture": "#0"}
			}
		},
		{
			"name": "blade",
			"from": [7.25, 9.25, 8],
			"to": [9.25, 12.25, 9],
			"rotation": {"angle": 0, "axis": "y", "origin": [0, 2, 0]},
			"faces": {
				"north": {"uv": [0, 0, 2, 3], "texture": "#0"},
				"east": {"uv": [6, 2, 7, 5], "texture": "#0"},
				"south": {"uv": [2, 0, 4, 3], "texture": "#0"},
				"west": {"uv": [4, 6, 5, 9], "texture": "#0"},
				"up": {"uv": [11, 4, 9, 3], "texture": "#0"},
				"down": {"uv": [11, 4, 9, 5], "texture": "#0"}
			}
		},
		{
			"name": "blade",
			"from": [7, 12.25, 8],
			"to": [9, 14.25, 9],
			"rotation": {"angle": 0, "axis": "y", "origin": [0, 2, 0]},
			"faces": {
				"north": {"uv": [4, 4, 6, 6], "texture": "#0"},
				"east": {"uv": [6, 9, 7, 11], "texture": "#0"},
				"south": {"uv": [6, 0, 8, 2], "texture": "#0"},
				"west": {"uv": [7, 9, 8, 11], "texture": "#0"},
				"up": {"uv": [11, 9, 9, 8], "texture": "#0"},
				"down": {"uv": [11, 9, 9, 10], "texture": "#0"}
			}
		}
	],
	"display": {
		"thirdperson_righthand": {
			"rotation": [-180, -90, 0],
			"translation": [-0.25, -6, 1.25]
		},
		"thirdperson_lefthand": {
			"rotation": [-180, 91, 0],
			"translation": [-1, -6.25, 1]
		},
		"firstperson_righthand": {
			"rotation": [-17, 93, 0],
			"translation": [0, 2.75, 0]
		},
		"firstperson_lefthand": {
			"rotation": [-17, -86, 0],
			"translation": [0, 3.25, 0.75]
		},
		"ground": {
			"rotation": [90, 0, 0],
			"translation": [0, 0, 0.5]
		},
		"gui": {
			"rotation": [0, 0, -45],
			"translation": [0.25, -0.75, 0],
			"scale": [1.5, 1.5, 1.5]
		},
		"fixed": {
			"rotation": [0, 0, 44],
			"translation": [1, 0.5, 0],
			"scale": [1.5, 1.5, 1.5]
		}
	},
	"groups": [
		{
			"name": "netherite dagger",
			"origin": [8, 16, 8],
			"color": 0,
			"children": [
				{
					"name": "Handle",
					"origin": [0, 0, 0],
					"color": 0,
					"children": [0, 1]
				},
				{
					"name": "hilt",
					"origin": [0, 1, 0],
					"color": 0,
					"children": [2, 3, 4, 5, 6, 7, 8]
				},
				{
					"name": "Pommel",
					"origin": [0, 0, 0],
					"color": 0,
					"children": [9, 10, 11, 12]
				},
				{
					"name": "Blade",
					"origin": [8, 16, 8],
					"color": 0,
					"children": [13, 14, 15, 16, 17, 18]
				}
			]
		}
	]
}